resource,task_id,A_start,A_end,B_start,B_end,delta_start,delta_end,A_source_function,B_source_function
battery:B-B01,Q2-003,19320.0,22773.038835487576,19320.0,22773.038835487576,0.0,0.0,eval_A.battery_interval,eval_B.charge_event
battery:B-B01,Q2-014,7620.0,9943.082526136332,7620.0,9943.082526136332,0.0,0.0,eval_A.battery_interval,eval_B.charge_event
battery:B-B01,Q2-018,10500.0,13997.745454132582,10500.0,13997.745454132582,0.0,0.0,eval_A.battery_interval,eval_B.charge_event
battery:B-B02,Q2-005,12960.0,16697.25417127768,12960.0,16697.25417127768,0.0,0.0,eval_A.battery_interval,eval_B.charge_event
battery:B-B02,Q2-015,16500.0,20284.593839025667,16500.0,20284.593839025667,0.0,0.0,eval_A.battery_interval,eval_B.charge_event
battery:B-B03,Q2-012,8340.0,11478.560029272621,8340.0,11478.560029272621,0.0,0.0,eval_A.battery_interval,eval_B.charge_event
battery:B-B03,Q2-016,22320.0,25287.79959437008,22320.0,25287.79959437008,0.0,0.0,eval_A.battery_interval,eval_B.charge_event
battery:B-B04,Q2-013,2460.0,5470.411224025971,2460.0,5470.411224025971,0.0,0.0,eval_A.battery_interval,eval_B.charge_event
battery:B-B04,Q2-017,21420.0,24881.41256519173,21420.0,24881.41256519173,0.0,0.0,eval_A.battery_interval,eval_B.charge_event
battery:C-B01,Q2-001,180.0,3367.3109623674864,180.0,3367.3109623674864,0.0,0.0,eval_A.battery_interval,eval_B.charge_event
battery:C-B01,Q2-007,5460.0,10271.440789441118,5460.0,10271.440789441118,0.0,0.0,eval_A.battery_interval,eval_B.charge_event
battery:C-B02,Q2-002,240.0,3514.551411647617,240.0,3514.551411647617,0.0,0.0,eval_A.battery_interval,eval_B.charge_event
battery:C-B02,Q2-008,9420.0,13281.38265746311,9420.0,13281.38265746311,0.0,0.0,eval_A.battery_interval,eval_B.charge_event
battery:C-B02,Q2-011,12300.0,16923.53487412189,12300.0,16923.53487412189,0.0,0.0,eval_A.battery_interval,eval_B.charge_event
battery:C-B03,Q2-004,18000.0,22650.88521606678,18000.0,22650.88521606678,0.0,0.0,eval_A.battery_interval,eval_B.charge_event
battery:C-B03,Q2-009,2340.0,5436.730061755685,2340.0,5436.730061755685,0.0,0.0,eval_A.battery_interval,eval_B.charge_event
battery:C-B04,Q2-006,4500.0,9481.670128696533,4500.0,9481.670128696533,0.0,0.0,eval_A.battery_interval,eval_B.charge_event
battery:C-B04,Q2-010,15540.0,19204.562442862643,15540.0,19204.562442862643,0.0,0.0,eval_A.battery_interval,eval_B.charge_event
relay_pool,Q2-001,0.0,2041.4332394931612,0.0,2041.4332394931612,0.0,0.0,eval_A.relay_interval,eval_B.relay_event
relay_pool,Q2-002,60.0,2167.4332394931607,60.0,2167.4332394931607,0.0,0.0,eval_A.relay_interval,eval_B.relay_event
relay_pool,Q2-003,19140.0,21379.923088697768,19140.0,21379.923088697768,0.0,0.0,eval_A.relay_interval,eval_B.relay_event
relay_pool,Q2-004,17820.0,20411.041173414567,17820.0,20411.041173414567,0.0,0.0,eval_A.relay_interval,eval_B.relay_event
relay_pool,Q2-005,12780.0,15280.329865553917,12780.0,15280.329865553917,0.0,0.0,eval_A.relay_interval,eval_B.relay_event
relay_pool,Q2-006,4320.0,7235.897911615111,4320.0,7235.897911615111,0.0,0.0,eval_A.relay_interval,eval_B.relay_event
relay_pool,Q2-007,5280.0,8065.187976081966,5280.0,8065.187976081966,0.0,0.0,eval_A.relay_interval,eval_B.relay_event
relay_pool,Q2-008,9240.0,11600.04591993618,9240.0,11600.04591993618,0.0,0.0,eval_A.relay_interval,eval_B.relay_event
relay_pool,Q2-009,2160.0,4200.862636719967,2160.0,4200.862636719967,0.0,0.0,eval_A.relay_interval,eval_B.relay_event
relay_pool,Q2-010,15360.0,17747.51663938697,15360.0,17747.51663938697,0.0,0.0,eval_A.relay_interval,eval_B.relay_event
relay_pool,Q2-011,12120.0,14803.77475753703,12120.0,14803.77475753703,0.0,0.0,eval_A.relay_interval,eval_B.relay_event
relay_pool,Q2-012,8160.0,10200.802761200912,8160.0,10200.802761200912,0.0,0.0,eval_A.relay_interval,eval_B.relay_event
relay_pool,Q2-013,2280.0,4314.596309853685,2280.0,4314.596309853685,0.0,0.0,eval_A.relay_interval,eval_B.relay_event
relay_pool,Q2-014,7440.0,9109.635563292293,7440.0,9109.635563292293,0.0,0.0,eval_A.relay_interval,eval_B.relay_event
relay_pool,Q2-015,16320.0,18723.889339007084,16320.0,18723.889339007084,0.0,0.0,eval_A.relay_interval,eval_B.relay_event
relay_pool,Q2-016,22140.0,24130.440550724878,22140.0,24130.440550724878,0.0,0.0,eval_A.relay_interval,eval_B.relay_event
relay_pool,Q2-017,21240.0,23588.58967068972,21240.0,23588.58967068972,0.0,0.0,eval_A.relay_interval,eval_B.relay_event
relay_pool,Q2-018,10320.0,12629.626245623993,10320.0,12629.626245623993,0.0,0.0,eval_A.relay_interval,eval_B.relay_event
service:S001,Q2-001,996.9016197465803,1428.9016197465803,996.9016197465803,1428.9016197465803,0.0,0.0,eval_A.service_interval,eval_B.service_event
service:S001,Q2-002,1086.9016197465803,1554.9016197465803,1086.9016197465803,1554.9016197465803,0.0,0.0,eval_A.service_interval,eval_B.service_event
service:S002,Q2-003,20271.90154434889,20481.90154434889,20271.90154434889,20481.90154434889,0.0,0.0,eval_A.service_interval,eval_B.service_event
service:S002,Q2-004,19092.930586707284,19488.930586707284,19092.930586707284,19488.930586707284,0.0,0.0,eval_A.service_interval,eval_B.service_event
service:S003,Q2-005,14038.13826611029,14248.13826611029,14038.13826611029,14248.13826611029,0.0,0.0,eval_A.service_interval,eval_B.service_event
service:S003,Q2-006,5749.408955807556,6145.408955807556,5749.408955807556,6145.408955807556,0.0,0.0,eval_A.service_interval,eval_B.service_event
service:S004,Q2-007,6649.563988040983,7045.563988040983,6649.563988040983,7045.563988040983,0.0,0.0,eval_A.service_interval,eval_B.service_event
service:S005,Q2-008,10398.65795996809,10794.65795996809,10398.65795996809,10794.65795996809,0.0,0.0,eval_A.service_interval,eval_B.service_event
service:S006,Q2-009,3153.076318359983,3549.076318359983,3153.076318359983,3549.076318359983,0.0,0.0,eval_A.service_interval,eval_B.service_event
service:S007,Q2-010,16527.718319693486,16887.718319693486,16527.718319693486,16887.718319693486,0.0,0.0,eval_A.service_interval,eval_B.service_event
service:S008,Q2-011,13439.727378768515,13799.727378768515,13439.727378768515,13799.727378768515,0.0,0.0,eval_A.service_interval,eval_B.service_event
service:S009,Q2-012,9191.991380600455,9431.991380600455,9191.991380600455,9431.991380600455,0.0,0.0,eval_A.service_interval,eval_B.service_event
service:S010,Q2-013,3304.834821593509,3544.834821593509,3304.834821593509,3544.834821593509,0.0,0.0,eval_A.service_interval,eval_B.service_event
service:S011,Q2-014,8287.004448312813,8527.004448312813,8287.004448312813,8527.004448312813,0.0,0.0,eval_A.service_interval,eval_B.service_event
service:S012,Q2-015,17531.87466950354,17771.87466950354,17531.87466950354,17771.87466950354,0.0,0.0,eval_A.service_interval,eval_B.service_event
service:S013,Q2-016,23142.75360869577,23382.75360869577,23142.75360869577,23382.75360869577,0.0,0.0,eval_A.service_interval,eval_B.service_event
service:S014,Q2-017,22421.851502011526,22661.851502011526,22421.851502011526,22661.851502011526,0.0,0.0,eval_A.service_interval,eval_B.service_event
service:S015,Q2-018,11478.253122811995,11718.253122811995,11478.253122811995,11718.253122811995,0.0,0.0,eval_A.service_interval,eval_B.service_event
transport:U05,Q2-003,19320.0,21079.923088697768,19320.0,21079.923088697768,0.0,0.0,eval_A.transport_interval,eval_B.transport_event
transport:U05,Q2-005,12960.0,14980.329865553917,12960.0,14980.329865553917,0.0,0.0,eval_A.transport_interval,eval_B.transport_event
transport:U05,Q2-012,8340.0,9900.802761200912,8340.0,9900.802761200912,0.0,0.0,eval_A.transport_interval,eval_B.transport_event
transport:U05,Q2-013,2460.0,4014.596309853685,2460.0,4014.596309853685,0.0,0.0,eval_A.transport_interval,eval_B.transport_event
transport:U05,Q2-016,22320.0,23830.440550724878,22320.0,23830.440550724878,0.0,0.0,eval_A.transport_interval,eval_B.transport_event
transport:U06,Q2-014,7620.0,8809.635563292293,7620.0,8809.635563292293,0.0,0.0,eval_A.transport_interval,eval_B.transport_event
transport:U06,Q2-015,16500.0,18423.889339007084,16500.0,18423.889339007084,0.0,0.0,eval_A.transport_interval,eval_B.transport_event
transport:U06,Q2-017,21420.0,23288.58967068972,21420.0,23288.58967068972,0.0,0.0,eval_A.transport_interval,eval_B.transport_event
transport:U06,Q2-018,10500.0,12329.626245623993,10500.0,12329.626245623993,0.0,0.0,eval_A.transport_interval,eval_B.transport_event
transport:U07,Q2-001,180.0,1741.4332394931612,180.0,1741.4332394931612,0.0,0.0,eval_A.transport_interval,eval_B.transport_event
transport:U07,Q2-004,18000.0,20111.041173414567,18000.0,20111.041173414567,0.0,0.0,eval_A.transport_interval,eval_B.transport_event
transport:U07,Q2-007,5460.0,7765.187976081966,5460.0,7765.187976081966,0.0,0.0,eval_A.transport_interval,eval_B.transport_event
transport:U07,Q2-009,2340.0,3900.862636719967,2340.0,3900.862636719967,0.0,0.0,eval_A.transport_interval,eval_B.transport_event
transport:U07,Q2-011,12300.0,14503.77475753703,12300.0,14503.77475753703,0.0,0.0,eval_A.transport_interval,eval_B.transport_event
transport:U08,Q2-002,240.0,1867.4332394931607,240.0,1867.4332394931607,0.0,0.0,eval_A.transport_interval,eval_B.transport_event
transport:U08,Q2-006,4500.0,6935.897911615111,4500.0,6935.897911615111,0.0,0.0,eval_A.transport_interval,eval_B.transport_event
transport:U08,Q2-008,9420.0,11300.04591993618,9420.0,11300.04591993618,0.0,0.0,eval_A.transport_interval,eval_B.transport_event
transport:U08,Q2-010,15540.0,17447.51663938697,15540.0,17447.51663938697,0.0,0.0,eval_A.transport_interval,eval_B.transport_event
battery:B-B01,__PEAK__,1.0,1.0,1.0,1.0,0.0,0.0,sweep_A,sweep_B
battery:B-B02,__PEAK__,2.0,2.0,2.0,2.0,0.0,0.0,sweep_A,sweep_B
battery:B-B03,__PEAK__,1.0,1.0,1.0,1.0,0.0,0.0,sweep_A,sweep_B
battery:B-B04,__PEAK__,1.0,1.0,1.0,1.0,0.0,0.0,sweep_A,sweep_B
battery:C-B01,__PEAK__,1.0,1.0,1.0,1.0,0.0,0.0,sweep_A,sweep_B
battery:C-B02,__PEAK__,2.0,2.0,2.0,2.0,0.0,0.0,sweep_A,sweep_B
battery:C-B03,__PEAK__,1.0,1.0,1.0,1.0,0.0,0.0,sweep_A,sweep_B
battery:C-B04,__PEAK__,1.0,1.0,1.0,1.0,0.0,0.0,sweep_A,sweep_B
relay_pool,__PEAK__,2.0,2.0,2.0,2.0,0.0,0.0,sweep_A,sweep_B
service:S001,__PEAK__,2.0,2.0,2.0,2.0,0.0,0.0,sweep_A,sweep_B
service:S002,__PEAK__,1.0,1.0,1.0,1.0,0.0,0.0,sweep_A,sweep_B
service:S003,__PEAK__,1.0,1.0,1.0,1.0,0.0,0.0,sweep_A,sweep_B
service:S004,__PEAK__,1.0,1.0,1.0,1.0,0.0,0.0,sweep_A,sweep_B
service:S005,__PEAK__,1.0,1.0,1.0,1.0,0.0,0.0,sweep_A,sweep_B
service:S006,__PEAK__,1.0,1.0,1.0,1.0,0.0,0.0,sweep_A,sweep_B
service:S007,__PEAK__,1.0,1.0,1.0,1.0,0.0,0.0,sweep_A,sweep_B
service:S008,__PEAK__,1.0,1.0,1.0,1.0,0.0,0.0,sweep_A,sweep_B
service:S009,__PEAK__,1.0,1.0,1.0,1.0,0.0,0.0,sweep_A,sweep_B
service:S010,__PEAK__,1.0,1.0,1.0,1.0,0.0,0.0,sweep_A,sweep_B
service:S011,__PEAK__,1.0,1.0,1.0,1.0,0.0,0.0,sweep_A,sweep_B
service:S012,__PEAK__,1.0,1.0,1.0,1.0,0.0,0.0,sweep_A,sweep_B
service:S013,__PEAK__,1.0,1.0,1.0,1.0,0.0,0.0,sweep_A,sweep_B
service:S014,__PEAK__,1.0,1.0,1.0,1.0,0.0,0.0,sweep_A,sweep_B
service:S015,__PEAK__,1.0,1.0,1.0,1.0,0.0,0.0,sweep_A,sweep_B
transport:U05,__PEAK__,1.0,1.0,1.0,1.0,0.0,0.0,sweep_A,sweep_B
transport:U06,__PEAK__,1.0,1.0,1.0,1.0,0.0,0.0,sweep_A,sweep_B
transport:U07,__PEAK__,1.0,1.0,1.0,1.0,0.0,0.0,sweep_A,sweep_B
transport:U08,__PEAK__,1.0,1.0,1.0,1.0,0.0,0.0,sweep_A,sweep_B
