box_id,task_id,arrival_time,completion_time,hard_deadline,late_flag,lateness,source_function
S001-MED-01,Q2-001,1133.6168782418845,1565.6168782418845,3600.0,False,0.0,eval_A.deadline_A
S001-MED-02,Q2-001,1133.6168782418845,1565.6168782418845,3600.0,False,0.0,eval_A.deadline_A
S001-WAT-01,Q2-001,1133.6168782418845,1565.6168782418845,3600.0,False,0.0,eval_A.deadline_A
S001-WAT-02,Q2-001,1133.6168782418845,1565.6168782418845,,False,0.0,eval_A.deadline_A
S001-WAT-03,Q2-001,1133.6168782418845,1565.6168782418845,,False,0.0,eval_A.deadline_A
S001-WAT-04,Q2-001,1133.6168782418845,1565.6168782418845,,False,0.0,eval_A.deadline_A
S001-WAT-05,Q2-001,1133.6168782418845,1565.6168782418845,,False,0.0,eval_A.deadline_A
S001-WAT-06,Q2-002,97889.06546659429,98357.06546659429,,False,0.0,eval_A.deadline_A
S001-WAT-07,Q2-002,97889.06546659429,98357.06546659429,,False,0.0,eval_A.deadline_A
S001-WAT-08,Q2-002,97889.06546659429,98357.06546659429,,False,0.0,eval_A.deadline_A
S001-FOD-01,Q2-002,97889.06546659429,98357.06546659429,,False,0.0,eval_A.deadline_A
S001-FOD-02,Q2-002,97889.06546659429,98357.06546659429,,False,0.0,eval_A.deadline_A
S001-FOD-03,Q2-002,97889.06546659429,98357.06546659429,,False,0.0,eval_A.deadline_A
S001-HYG-01,Q2-002,97889.06546659429,98357.06546659429,,False,0.0,eval_A.deadline_A
S001-HYG-02,Q2-002,97889.06546659429,98357.06546659429,,False,0.0,eval_A.deadline_A
S002-FOD-02,Q2-003,95754.1423024988,95964.1423024988,,False,0.0,eval_A.deadline_A
S002-HYG-01,Q2-003,95754.1423024988,95964.1423024988,,False,0.0,eval_A.deadline_A
S002-MED-01,Q2-004,14379.655284202308,14775.655284202308,3600.0,True,11175.655284202308,eval_A.deadline_A
S002-WAT-01,Q2-004,14379.655284202308,14775.655284202308,3600.0,True,11175.655284202308,eval_A.deadline_A
S002-WAT-02,Q2-004,14379.655284202308,14775.655284202308,,False,0.0,eval_A.deadline_A
S002-WAT-03,Q2-004,14379.655284202308,14775.655284202308,,False,0.0,eval_A.deadline_A
S002-WAT-04,Q2-004,14379.655284202308,14775.655284202308,,False,0.0,eval_A.deadline_A
S002-FOD-01,Q2-004,14379.655284202308,14775.655284202308,,False,0.0,eval_A.deadline_A
S003-FOD-02,Q2-005,89739.2355139754,89949.2355139754,,False,0.0,eval_A.deadline_A
S003-HYG-01,Q2-005,89739.2355139754,89949.2355139754,,False,0.0,eval_A.deadline_A
S003-MED-01,Q2-006,86994.60829205756,87390.60829205756,7200.0,True,80190.60829205756,eval_A.deadline_A
S003-WAT-01,Q2-006,86994.60829205756,87390.60829205756,7200.0,True,80190.60829205756,eval_A.deadline_A
S003-WAT-02,Q2-006,86994.60829205756,87390.60829205756,,False,0.0,eval_A.deadline_A
S003-WAT-03,Q2-006,86994.60829205756,87390.60829205756,,False,0.0,eval_A.deadline_A
S003-WAT-04,Q2-006,86994.60829205756,87390.60829205756,,False,0.0,eval_A.deadline_A
S003-FOD-01,Q2-006,86994.60829205756,87390.60829205756,,False,0.0,eval_A.deadline_A
S004-MED-01,Q2-007,6442.749068066248,6838.749068066248,7200.0,False,0.0,eval_A.deadline_A
S004-WAT-01,Q2-007,6442.749068066248,6838.749068066248,7200.0,False,0.0,eval_A.deadline_A
S004-WAT-02,Q2-007,6442.749068066248,6838.749068066248,,False,0.0,eval_A.deadline_A
S004-WAT-03,Q2-007,6442.749068066248,6838.749068066248,,False,0.0,eval_A.deadline_A
S004-FOD-01,Q2-007,6442.749068066248,6838.749068066248,,False,0.0,eval_A.deadline_A
S004-HYG-01,Q2-007,6442.749068066248,6838.749068066248,,False,0.0,eval_A.deadline_A
S005-MED-01,Q2-008,10404.0,10800.0,10800.0,False,0.0,eval_A.deadline_A
S005-WAT-01,Q2-008,10404.0,10800.0,10800.0,False,0.0,eval_A.deadline_A
S005-WAT-02,Q2-008,10404.0,10800.0,,False,0.0,eval_A.deadline_A
S005-WAT-03,Q2-008,10404.0,10800.0,,False,0.0,eval_A.deadline_A
S005-FOD-01,Q2-008,10404.0,10800.0,,False,0.0,eval_A.deadline_A
S005-HYG-01,Q2-008,10404.0,10800.0,,False,0.0,eval_A.deadline_A
S006-MED-01,Q2-009,18750.6862319218,19146.6862319218,3600.0,True,15546.686231921802,eval_A.deadline_A
S006-WAT-01,Q2-009,18750.6862319218,19146.6862319218,3600.0,True,15546.686231921802,eval_A.deadline_A
S006-WAT-02,Q2-009,18750.6862319218,19146.6862319218,,False,0.0,eval_A.deadline_A
S006-WAT-03,Q2-009,18750.6862319218,19146.6862319218,,False,0.0,eval_A.deadline_A
S006-FOD-01,Q2-009,18750.6862319218,19146.6862319218,,False,0.0,eval_A.deadline_A
S006-HYG-01,Q2-009,18750.6862319218,19146.6862319218,,False,0.0,eval_A.deadline_A
S007-MED-01,Q2-010,84825.40101655651,85185.40101655651,3600.0,True,81585.40101655651,eval_A.deadline_A
S007-WAT-01,Q2-010,84825.40101655651,85185.40101655651,3600.0,True,81585.40101655651,eval_A.deadline_A
S007-WAT-02,Q2-010,84825.40101655651,85185.40101655651,,False,0.0,eval_A.deadline_A
S007-FOD-01,Q2-010,84825.40101655651,85185.40101655651,,False,0.0,eval_A.deadline_A
S007-HYG-01,Q2-010,84825.40101655651,85185.40101655651,,False,0.0,eval_A.deadline_A
S008-MED-01,Q2-011,5571.668415639388,5931.668415639388,7200.0,False,0.0,eval_A.deadline_A
S008-WAT-01,Q2-011,5571.668415639388,5931.668415639388,7200.0,False,0.0,eval_A.deadline_A
S008-WAT-02,Q2-011,5571.668415639388,5931.668415639388,,False,0.0,eval_A.deadline_A
S008-FOD-01,Q2-011,5571.668415639388,5931.668415639388,,False,0.0,eval_A.deadline_A
S008-HYG-01,Q2-011,5571.668415639388,5931.668415639388,,False,0.0,eval_A.deadline_A
S009-MED-01,Q2-012,10560.0,10800.0,10800.0,False,0.0,eval_A.deadline_A
S009-WAT-01,Q2-012,10560.0,10800.0,10800.0,False,0.0,eval_A.deadline_A
S009-FOD-01,Q2-012,10560.0,10800.0,,False,0.0,eval_A.deadline_A
S010-MED-01,Q2-013,1024.8348215935089,1264.8348215935089,3600.0,False,0.0,eval_A.deadline_A
S010-WAT-01,Q2-013,1024.8348215935089,1264.8348215935089,3600.0,False,0.0,eval_A.deadline_A
S010-FOD-01,Q2-013,1024.8348215935089,1264.8348215935089,,False,0.0,eval_A.deadline_A
S011-MED-01,Q2-014,8705.37750442005,8945.37750442005,10800.0,False,0.0,eval_A.deadline_A
S011-WAT-01,Q2-014,8705.37750442005,8945.37750442005,10800.0,False,0.0,eval_A.deadline_A
S011-FOD-01,Q2-014,8705.37750442005,8945.37750442005,,False,0.0,eval_A.deadline_A
S012-MED-01,Q2-015,93430.22608864636,93670.22608864636,3600.0,True,90070.22608864636,eval_A.deadline_A
S012-WAT-01,Q2-015,93430.22608864636,93670.22608864636,3600.0,True,90070.22608864636,eval_A.deadline_A
S012-FOD-01,Q2-015,93430.22608864636,93670.22608864636,,False,0.0,eval_A.deadline_A
S013-MED-01,Q2-016,3037.3499185494293,3277.3499185494293,3600.0,False,0.0,eval_A.deadline_A
S013-WAT-01,Q2-016,3037.3499185494293,3277.3499185494293,3600.0,False,0.0,eval_A.deadline_A
S013-FOD-01,Q2-016,3037.3499185494293,3277.3499185494293,,False,0.0,eval_A.deadline_A
S014-MED-01,Q2-017,3360.0,3600.0,3600.0,False,0.0,eval_A.deadline_A
S014-WAT-01,Q2-017,3360.0,3600.0,3600.0,False,0.0,eval_A.deadline_A
S014-FOD-01,Q2-017,3360.0,3600.0,,False,0.0,eval_A.deadline_A
S015-MED-01,Q2-018,8093.968917219929,8333.968917219929,7200.0,True,1133.9689172199287,eval_A.deadline_A
S015-WAT-01,Q2-018,8093.968917219929,8333.968917219929,10800.0,False,0.0,eval_A.deadline_A
S015-FOD-01,Q2-018,8093.968917219929,8333.968917219929,,False,0.0,eval_A.deadline_A
