interval_id,t_start,t_end,phase,dem_cells,distance_max_method,distance_max_km,fspl_upper_bound,obstacle_loss_db,path_loss_upper_bound,threshold,margin_lower_bound,los_clearance_lower_bound,los_state_known,continuous_certified
0,0.0,58.142644042968755,climb,3,endpoints+quadratic_stationary,0.1253566101074219,82.01716962285145,10.0,92.01716962285145,122.0,29.982830377148545,-1.0255401611328097,True,True
1,58.142644042968755,59.12173515357989,cruise,3,endpoints,0.12621398125105732,82.07637415804618,10.0,92.07637415804618,122.0,29.92362584195382,18.974459838867176,True,True
2,59.12173515357989,60.10082626419103,cruise,3,endpoints,0.12875184332735393,82.24929394440619,10.0,92.24929394440619,122.0,29.75070605559381,18.974459838867176,True,True
3,60.10082626419103,60.115835986840246,cruise,3,endpoints,0.12880339338783503,82.25277093169532,10.0,92.25277093169532,122.0,29.747229068304677,18.974459838867176,True,True
4,60.115835986840246,60.13084570948946,cruise,3,endpoints,0.12885531621792048,82.25627165541324,10.0,92.25627165541324,122.0,29.743728344586756,18.974459838867176,True,True
5,60.13084570948946,61.24668735044981,cruise,3,endpoints,0.13372424533329405,82.57842794728779,10.0,92.57842794728779,122.0,29.421572052712207,18.974459838867176,True,True
6,61.24668735044981,62.36252899141016,cruise,3,endpoints,0.14043130426515235,83.00350342233111,10.0,93.00350342233111,122.0,28.996496577668893,18.974459838867176,True,True
7,62.36252899141016,63.493380355019724,cruise,3,endpoints,0.14884930295697313,83.50916093902651,10.0,93.50916093902651,122.0,28.490839060973485,18.974459838867176,True,True
8,63.493380355019724,64.62423171862929,cruise,3,endpoints,0.1586403162093018,84.06249617131598,10.0,94.06249617131598,122.0,27.937503828684015,18.974459838867176,True,True
9,64.62423171862929,64.66872713783812,cruise,3,endpoints,0.1590502305055795,84.08491089124546,10.0,94.08491089124546,122.0,27.915089108754543,18.974459838867176,True,True
10,64.66872713783812,64.71322255704695,cruise,3,endpoints,0.15946188462994587,84.1073626857879,10.0,94.1073626857879,122.0,27.892637314212095,18.974459838867176,True,True
11,64.71322255704695,65.79957850143322,cruise,3,endpoints,0.17001683707932064,84.6640634839806,10.0,94.6640634839806,122.0,27.3359365160194,18.974459838867176,True,True
12,65.79957850143322,66.88593444581949,cruise,3,endpoints,0.18142335375593244,85.22808865348911,10.0,95.22808865348911,122.0,26.77191134651089,18.974459838867176,True,True
13,66.88593444581949,68.01678580944352,cruise,3,endpoints,0.1940398972198514,85.81204555252278,10.0,95.81204555252278,122.0,26.187954447477225,18.974459838867176,True,True
14,68.01678580944352,69.14763717306755,cruise,3,endpoints,0.20727759478794022,86.38527204486566,10.0,96.38527204486566,122.0,25.61472795513434,18.974459838867176,True,True
15,69.14763717306755,69.221618288836,cruise,3,endpoints,0.20816244984155835,86.42227264248794,10.0,96.42227264248794,122.0,25.57772735751206,18.974459838867176,True,True
16,69.221618288836,69.29559940460445,cruise,3,endpoints,0.20904945034578232,86.4592054341605,10.0,96.4592054341605,122.0,25.540794565839505,18.974459838867176,True,True
17,69.29559940460445,70.3524696524311,cruise,3,endpoints,0.22193973059294686,86.97892592463644,10.0,96.97892592463644,122.0,25.021074075363558,18.974459838867176,True,True
18,70.3524696524311,71.40933990025775,cruise,3,endpoints,0.2351923765037557,87.4826896435378,10.0,97.4826896435378,122.0,24.517310356462204,18.974459838867176,True,True
19,71.40933990025775,72.54019126385285,cruise,3,endpoints,0.24970860426198466,88.00289497794473,10.0,98.00289497794473,122.0,23.997105022055266,18.974459838867176,True,True
20,72.54019126385285,73.67104262744795,cruise,3,endpoints,0.26451614559817765,88.50326854919442,10.0,98.50326854919442,122.0,23.496731450805584,18.974459838867176,True,True
21,73.67104262744795,73.77450943968772,cruise,3,endpoints,0.265883815318279,88.54806287594522,10.0,98.54806287594522,122.0,23.45193712405478,18.974459838867176,True,True
22,73.77450943968772,73.87797625192749,cruise,3,endpoints,0.26725349882845084,88.59269282649333,10.0,98.59269282649333,122.0,23.407307173506666,18.974459838867176,True,True
23,73.87797625192749,74.90536080331175,cruise,3,endpoints,0.28095681369982745,89.02701621359644,10.0,99.02701621359644,122.0,22.97298378640356,18.974459838867176,True,True
24,74.90536080331175,75.93274535469601,cruise,3,endpoints,0.29482878633308857,89.44562252755688,10.0,99.44562252755688,122.0,22.55437747244312,18.974459838867176,True,True
25,75.93274535469601,77.06359671829111,cruise,3,endpoints,0.3102657425165263,89.88890136058754,10.0,99.88890136058754,122.0,22.11109863941246,18.974459838867176,True,True
26,77.06359671829111,78.19444808188621,cruise,3,endpoints,0.325854445835451,90.31469784868294,10.0,100.31469784868294,122.0,21.68530215131706,18.974459838867176,True,True
27,78.19444808188621,78.3274005906856,cruise,3,endpoints,0.3276961534678887,90.3636517065867,10.0,100.3636517065867,122.0,21.636348293413306,18.974459838867176,True,True
28,78.3274005906856,78.46035309948499,cruise,3,endpoints,0.3295396372075578,90.41237801921879,10.0,100.41237801921879,122.0,21.587621980781208,18.974459838867176,True,True
29,78.46035309948499,79.45825195429516,cruise,3,endpoints,0.34343003121329035,90.77099022090799,10.0,100.77099022090799,122.0,21.22900977909201,18.974459838867176,True,True
30,79.45825195429516,80.45615080910534,cruise,3,endpoints,0.3574074861323724,91.11749773114062,10.0,101.11749773114062,122.0,20.882502268859383,18.974459838867176,True,True
31,80.45615080910534,81.5870021727149,cruise,3,endpoints,0.3733400775739653,91.49631710181583,10.0,101.49631710181583,122.0,20.503682898184167,18.974459838867176,True,True
32,81.5870021727149,82.71785353632447,cruise,3,endpoints,0.38935971423185783,91.86124512398874,10.0,101.86124512398874,122.0,20.138754876011262,18.974459838867176,True,True
33,82.71785353632447,82.88029174168346,cruise,3,endpoints,0.39166733687197297,91.91257193494974,10.0,101.91257193494974,122.0,20.08742806505026,18.974459838867176,True,True
34,82.88029174168346,83.04272994704246,cruise,3,endpoints,0.3939765123129715,91.96363145973208,10.0,101.96363145973208,122.0,20.036368540267915,18.974459838867176,True,True
35,83.04272994704246,84.01114310527856,cruise,3,endpoints,0.40777396868604004,92.26261479437164,10.0,102.26261479437164,122.0,19.737385205628357,18.974459838867176,True,True
36,84.01114310527856,84.97955626351467,cruise,3,endpoints,0.4216203833338303,92.5526568097933,10.0,102.5526568097933,122.0,19.447343190206695,18.974459838867176,True,True
37,84.97955626351467,86.1104076271387,cruise,3,endpoints,0.43784510351868994,92.88063478016464,10.0,102.88063478016464,122.0,19.11936521983536,18.974459838867176,True,True
38,86.1104076271387,87.24125899076273,cruise,3,endpoints,0.4541237638247287,93.1977094077244,10.0,103.1977094077244,122.0,18.802290592275597,18.974459838867176,True,True
39,87.24125899076273,87.43318289256412,cruise,3,endpoints,0.4568914581939804,93.25048560997101,10.0,103.25048560997101,122.0,18.749514390028992,18.974459838867176,True,True
40,87.43318289256412,87.62510679436552,cruise,3,endpoints,0.4596605181239914,93.30296887933781,10.0,103.30296887933781,122.0,18.69703112066219,18.974459838867176,True,True
41,87.62510679436552,88.56403425615922,cruise,3,endpoints,0.47322616237933846,93.55559976733537,10.0,103.55559976733537,122.0,18.444400232664634,18.974459838867176,True,True
42,88.56403425615922,89.50296171795291,cruise,3,endpoints,0.4868212431161721,93.8016152544329,10.0,103.8016152544329,122.0,18.198384745567097,18.974459838867176,True,True
43,89.50296171795291,90.63381308154801,cruise,3,endpoints,0.503230955360831,94.08957179652572,10.0,104.08957179652572,122.0,17.910428203474282,18.974459838867176,True,True
44,90.63381308154801,91.76466444514311,cruise,3,endpoints,0.5196761850234598,94.36888113528889,10.0,104.36888113528889,122.0,17.631118864711112,18.974459838867176,True,True
45,91.76466444514311,91.98607404353305,cruise,3,endpoints,0.5228998703317805,94.42259551690672,10.0,104.42259551690672,122.0,17.577404483093275,18.974459838867176,True,True
46,91.98607404353305,92.20748364192299,cruise,3,endpoints,0.5261247679979045,94.47599977918968,10.0,104.47599977918968,122.0,17.524000220810322,18.974459838867176,True,True
47,92.20748364192299,93.11692540715707,cruise,3,endpoints,0.5393833145440826,94.69217498863804,10.0,104.69217498863804,122.0,17.307825011361956,18.974459838867176,True,True
48,93.11692540715707,94.02636717239116,cruise,3,endpoints,0.5526605074219028,94.90339346288442,10.0,104.90339346288442,122.0,17.096606537115576,18.974459838867176,True,True
49,94.02636717239116,95.15721853598626,cruise,3,endpoints,0.5691941608968192,95.15943355835554,10.0,105.15943355835554,122.0,16.840566441644455,18.974459838867176,True,True
50,95.15721853598626,96.28806989958136,cruise,3,endpoints,0.5857523540703077,95.4085056872584,10.0,105.4085056872584,122.0,16.591494312741602,18.974459838867176,True,True
51,96.28806989958136,96.53896519453092,cruise,3,endpoints,0.5894291409839948,95.46285689972214,10.0,105.46285689972214,122.0,16.53714310027786,18.974459838867176,True,True
52,96.53896519453092,96.78986048948046,cruise,3,endpoints,0.5931070147842608,95.5168860450988,10.0,105.5168860450988,122.0,16.4831139549012,18.974459838867176,True,True
53,96.78986048948046,97.66981655814047,cruise,3,endpoints,0.606014593291676,95.70388648289571,10.0,105.70388648289571,122.0,16.29611351710429,18.974459838867176,True,True
54,97.66981655814047,98.54977262680048,cruise,3,endpoints,0.618934478588333,95.8871183608814,10.0,105.8871183608814,122.0,16.112881639118598,18.974459838867176,True,True
55,98.54977262680048,99.68062399041004,cruise,3,endpoints,0.6355549777739976,96.11728732498754,10.0,106.11728732498754,122.0,15.882712675012456,18.974459838867176,True,True
56,99.68062399041004,100.8114753540196,cruise,3,endpoints,0.6521931017135455,96.34174885292909,10.0,106.34174885292909,122.0,15.658251147070914,18.974459838867176,True,True
57,100.8114753540196,101.09185634541156,cruise,3,endpoints,0.6563208956854393,96.39654946169631,10.0,106.39654946169631,122.0,15.60345053830369,18.974459838867176,True,True
58,101.09185634541156,101.37223733680351,cruise,3,endpoints,0.6604496728559782,96.45101942210977,10.0,106.45101942210977,122.0,15.548980577890234,18.974459838867176,True,True
59,101.37223733680351,102.22270770900666,cruise,3,endpoints,0.6729791843564232,96.61425746317082,10.0,106.61425746317082,122.0,15.385742536829184,18.974459838867176,True,True
60,102.22270770900666,103.0731780812098,cruise,3,endpoints,0.6855170892941352,96.77459055047382,10.0,106.77459055047382,122.0,15.225409449526182,18.974459838867176,True,True
61,103.0731780812098,104.20402944481937,cruise,3,endpoints,0.7022006873775903,96.98344983935787,10.0,106.98344983935787,122.0,15.016550160642126,18.974459838867176,True,True
62,104.20402944481937,105.33488080842893,cruise,3,endpoints,0.7188973516130431,97.1875625080775,10.0,107.1875625080775,122.0,14.812437491922495,18.974459838867176,True,True
63,105.33488080842893,105.64474749651218,cruise,3,endpoints,0.7234745966602084,97.24269056132955,10.0,107.24269056132955,122.0,14.757309438670447,18.974459838867176,True,True
64,105.64474749651218,105.95461418459543,cruise,3,endpoints,0.7280527382566649,97.2974816266545,10.0,107.2974816266545,122.0,14.702518373345498,18.974459838867176,True,True
65,105.95461418459543,106.77559886012175,cruise,3,endpoints,0.7401866291025653,97.44104954697079,10.0,107.44104954697079,122.0,14.558950453029212,18.974459838867176,True,True
66,106.77559886012175,107.59658353564807,cruise,3,endpoints,0.7523263980820689,97.58235085169352,10.0,107.58235085169352,122.0,14.41764914830648,18.974459838867176,True,True
67,107.59658353564807,108.72743489924316,cruise,3,endpoints,0.7690572277412361,97.77339799612525,10.0,107.77339799612525,122.0,14.226602003874746,18.974459838867176,True,True
68,108.72743489924316,109.85828626283826,cruise,3,endpoints,0.7857980026666481,97.9604432460702,10.0,107.9604432460702,122.0,14.039556753929801,18.974459838867176,True,True
69,109.85828626283826,110.19763864737837,cruise,3,endpoints,0.7908235162999746,98.01581633860408,10.0,108.01581633860408,122.0,13.984183661395917,18.974459838867176,True,True
70,110.19763864737837,110.53699103191848,cruise,3,endpoints,0.7958498532305558,98.07084764465907,10.0,108.07084764465907,122.0,13.929152355340932,18.974459838867176,True,True
71,110.53699103191848,111.3284900110024,cruise,3,endpoints,0.8075762980965864,98.19789611750176,10.0,108.19789611750176,122.0,13.802103882498244,18.974459838867176,True,True
72,111.3284900110024,112.11998899008631,cruise,3,endpoints,0.819306949436021,98.32315760623796,10.0,108.32315760623796,122.0,13.676842393762044,18.974459838867176,True,True
73,112.11998899008631,113.25084035368141,cruise,3,endpoints,0.8360740232397514,98.49911943711245,10.0,108.49911943711245,122.0,13.500880562887545,18.974459838867176,True,True
74,113.25084035368141,114.38169171727651,cruise,3,endpoints,0.8528488368071896,98.67166606348717,10.0,108.67166606348717,122.0,13.328333936512834,18.974459838867176,True,True
75,114.38169171727651,114.75052979825901,cruise,3,endpoints,0.858321701855733,98.72722670204485,10.0,108.72722670204485,122.0,13.272773297955155,18.974459838867176,True,True
76,114.75052979825901,115.11936787924151,cruise,3,endpoints,0.8637953276091924,98.78244184538616,10.0,108.78244184538616,122.0,13.21755815461384,18.974459838867176,True,True
77,115.11936787924151,115.8813811618541,cruise,3,endpoints,0.8751060944922756,98.89543900232155,10.0,108.89543900232155,122.0,13.104560997678448,18.974459838867176,True,True
78,115.8813811618541,116.6433944444667,cruise,3,endpoints,0.8864199253981778,99.00701502996115,10.0,109.00701502996115,122.0,12.992984970038847,18.974459838867176,True,True
79,116.6433944444667,117.77424580809071,cruise,3,endpoints,0.9032154027356316,99.17005153626506,10.0,109.17005153626506,122.0,12.829948463734937,18.974459838867176,True,True
80,117.77424580809071,118.90509717171474,cruise,3,endpoints,0.9200170185914276,99.33014205531683,10.0,109.33014205531683,122.0,12.669857944683173,18.974459838867176,True,True
81,118.90509717171474,119.30342094937409,cruise,3,endpoints,0.9259365107023485,99.38584901718143,10.0,109.38584901718143,122.0,12.614150982818572,18.974459838867176,True,True
82,119.30342094937409,119.70174472703341,cruise,3,endpoints,0.9318567094932292,99.44120756498786,10.0,109.44120756498786,122.0,12.558792435012137,18.974459838867176,True,True
83,119.70174472703341,120.43427231296917,cruise,3,endpoints,0.9427459063910183,99.54211793983403,10.0,109.54211793983403,122.0,12.457882060165971,18.974459838867176,True,True
84,120.43427231296917,121.16679989890493,cruise,3,endpoints,0.9536373679243672,99.64189004216774,10.0,109.64189004216774,122.0,12.358109957832255,18.974459838867176,True,True
85,121.16679989890493,122.29765126251449,cruise,3,endpoints,0.9704555083827499,99.79373742353096,10.0,109.79373742353096,122.0,12.206262576469044,18.974459838867176,True,True
86,122.29765126251449,123.42850262612406,cruise,3,endpoints,0.9872785975387842,99.94301928176385,10.0,109.94301928176385,122.0,12.056980718236147,18.974459838867176,True,True
87,123.42850262612406,123.85631210024025,cruise,3,endpoints,0.9936441354154412,99.99884230693861,10.0,109.99884230693861,122.0,12.001157693061387,18.974459838867176,True,True
88,123.85631210024025,124.28412157435645,cruise,3,endpoints,1.0000103329243304,100.0543145844088,10.0,110.0543145844088,122.0,11.9456854155912,18.974459838867176,True,True
89,124.28412157435645,124.98716346384981,cruise,3,endpoints,1.010473641138105,100.14472461713532,10.0,110.14472461713532,122.0,11.855275382864676,18.974459838867176,True,True
90,124.98716346384981,125.69020535334317,cruise,3,endpoints,1.0209386433414833,100.23421768461046,10.0,110.23421768461046,122.0,11.765782315389544,18.974459838867176,True,True
91,125.69020535334317,126.82105671693827,cruise,3,endpoints,1.0377751501972274,100.37629017795625,10.0,110.37629017795625,122.0,11.62370982204375,18.974459838867176,True,True
92,126.82105671693827,127.95190808053337,cruise,3,endpoints,1.0546157036695558,100.51610951163879,10.0,110.51610951163879,122.0,11.483890488361212,18.95379548979048,True,True
93,127.95190808053337,128.40920325110645,cruise,3,endpoints,1.0614268141800058,100.57202592921794,10.0,110.57202592921794,122.0,11.427974070782057,18.930560497072918,True,True
94,128.40920325110645,128.86649842167952,cruise,3,endpoints,1.0682385430174115,100.62758970734,10.0,110.62758970734,122.0,11.372410292660007,18.89469416587167,True,True
95,128.86649842167952,129.54005461473048,cruise,3,endpoints,1.0782727312124185,100.70879728092926,10.0,110.70879728092926,122.0,11.29120271907074,18.74849409131687,True,True
96,129.54005461473048,130.21361080778144,cruise,3,endpoints,1.0883081990134724,100.78926285501687,10.0,110.78926285501687,122.0,11.210737144983128,18.60502671121145,True,True
97,130.21361080778144,131.34446217137653,cruise,3,endpoints,1.1051597936908064,100.9227263675211,10.0,110.9227263675211,122.0,11.077273632478907,18.37009293828214,True,True
98,131.34446217137653,132.47531353497163,cruise,3,endpoints,1.122014738898036,101.05419607210099,10.0,111.05419607210099,122.0,10.945803927899007,18.14230744024428,True,True
99,132.47531353497163,132.96209440222154,cruise,3,endpoints,1.1292710320871082,101.1101885905955,10.0,111.1101885905955,122.0,10.889811409404501,18.04637590390422,True,True
100,132.96209440222154,133.44887526947142,cruise,3,endpoints,1.136527907068365,101.16582691722923,10.0,111.16582691722923,122.0,10.834173082770775,17.95168457400939,True,True
101,133.44887526947142,134.09294576581664,cruise,3,endpoints,1.146130513664176,101.23890633409854,10.0,111.23890633409854,122.0,10.761093665901456,17.828261848855107,True,True
102,134.09294576581664,134.73701626216186,cruise,3,endpoints,1.1557340945130778,101.31138333998226,10.0,111.31138333998226,122.0,10.688616660017743,17.706914809779505,True,True
103,134.73701626216186,135.86786762578586,cruise,3,endpoints,1.1725982327382072,101.43720954042442,10.0,111.43720954042442,122.0,10.56279045957558,17.49872051320125,True,True
104,135.86786762578586,136.9987189894099,cruise,3,endpoints,1.1894651759456034,101.56125946802734,10.0,111.56125946802734,122.0,10.438740531972655,17.29649752078302,True,True
105,136.9987189894099,137.51498555310218,cruise,3,endpoints,1.1971663267810109,101.61731468922797,10.0,111.61731468922797,122.0,10.382685310772032,17.206092657684735,True,True
106,137.51498555310218,138.03125211679446,cruise,3,endpoints,1.2048680268770857,101.6730144307422,10.0,111.6730144307422,122.0,10.3269855692578,17.11685624673845,True,True
107,138.03125211679446,138.64583691669728,cruise,3,endpoints,1.2140371468135829,101.73886434182324,10.0,111.73886434182324,122.0,10.261135658176755,17.012117831609515,True,True
108,138.64583691669728,139.2604217166001,cruise,3,endpoints,1.2232070131447303,101.80422408220826,10.0,111.80422408220826,122.0,10.195775917791735,16.908966507245395,True,True
109,139.2604217166001,140.39127308020966,cruise,3,endpoints,1.2400816908014085,101.92323074224602,10.0,111.92323074224602,122.0,10.07676925775398,16.723193352081125,True,True
110,140.39127308020966,141.52212444381922,cruise,3,endpoints,1.2569587399271829,102.04064527552417,10.0,112.04064527552417,122.0,9.95935472447583,16.542459370224776,True,True
111,141.52212444381922,142.06787670396835,cruise,3,endpoints,1.2651044747636282,102.09675267158036,10.0,112.09675267158036,122.0,9.903247328419639,16.204192442531166,True,True
112,142.06787670396835,142.6136289641175,cruise,3,endpoints,1.2732507297252322,102.15250350925339,10.0,112.15250350925339,122.0,9.847496490746607,15.726945050765892,True,True
113,142.6136289641175,143.19872806757792,cruise,3,endpoints,1.2819848678349492,102.21188281285585,10.0,112.21188281285585,122.0,9.788117187144152,15.222092420534636,True,True
114,143.19872806757792,143.78382717103833,cruise,3,endpoints,1.2907195804670557,102.27086280296594,10.0,112.27086280296594,122.0,9.729137197034063,14.724138079433402,True,True
115,143.78382717103833,144.91467853463342,cruise,3,endpoints,1.3076031978044504,102.38374431417189,10.0,112.38374431417189,122.0,9.616255685828108,13.780748184562754,True,True
116,144.91467853463342,146.04552989822852,cruise,3,endpoints,1.3244888378456312,102.49519088670874,10.0,112.49519088670874,122.0,9.504809113291259,12.861631298220487,True,True
117,146.04552989822852,146.62076785506898,cruise,3,endpoints,1.333078924217011,102.55134208113286,10.0,112.55134208113286,122.0,9.448657918867141,12.403113044608688,True,True
118,146.62076785506898,147.19600581190943,cruise,3,endpoints,1.3416695044707563,102.60713580571318,10.0,112.60713580571318,122.0,9.392864194286815,11.950518365292794,True,True
119,147.19600581190943,147.751619218693,cruise,3,endpoints,1.349967472536823,102.66069092016252,10.0,112.66069092016252,122.0,9.339309079837477,11.518881012963561,True,True
120,147.751619218693,148.3072326254766,cruise,3,endpoints,1.3582658842811413,102.71392068633826,10.0,112.71392068633826,122.0,9.286079313661745,11.092563343285576,True,True
121,148.3072326254766,149.43808398907169,cruise,3,endpoints,1.3751571490423335,102.82127145300683,10.0,112.82127145300683,122.0,9.17872854699317,10.240898799028628,True,True
122,149.43808398907169,150.56893535266678,cruise,3,endpoints,1.392050152789893,102.92732248063582,10.0,112.92732248063582,122.0,9.072677519364177,9.410074775310875,True,True
123,150.56893535266678,151.17365900594962,cruise,3,endpoints,1.4010843915803517,102.98351073329306,10.0,112.98351073329306,122.0,9.016489266706941,8.974079480389747,True,True
124,151.17365900594962,151.77838265923245,cruise,3,endpoints,1.4101191005006894,103.03934073990443,10.0,113.03934073990443,122.0,8.960659260095568,8.543715724716776,True,True
125,151.77838265923245,152.30451036954472,cruise,3,endpoints,1.417979943607467,103.08762659585283,10.0,113.08762659585283,122.0,8.912373404147175,8.173783120205542,True,True
126,152.30451036954472,152.83063807985695,cruise,3,endpoints,1.4258411300040459,103.13564759972023,10.0,113.13564759972023,122.0,8.86435240027977,7.8079615288615685,True,True
127,152.83063807985695,153.96148944348096,cruise,3,endpoints,1.4427389870744416,103.23798019170016,10.0,113.23798019170016,122.0,8.76201980829984,7.035267049960851,True,True
128,153.96148944348096,155.092340807105,cruise,3,endpoints,1.4596383500019858,103.33913014095697,10.0,113.33913014095697,122.0,8.660869859043032,6.280598467670302,True,True
129,155.092340807105,155.72655015683023,cruise,3,endpoints,1.469116569403958,103.39534997318722,10.0,113.39534997318722,122.0,8.604650026812777,5.865017050619656,True,True
130,155.72655015683023,156.36075950655547,cruise,3,endpoints,1.47859523733522,103.45121089361325,10.0,113.45121089361325,122.0,8.54878910638675,5.454802578759029,True,True
131,156.36075950655547,156.85740152042533,cruise,3,endpoints,1.4860181802591448,103.49470728837504,10.0,113.49470728837504,122.0,8.50529271162496,5.137248343721751,True,True
132,156.85740152042533,157.3540435342952,cruise,3,endpoints,1.4934413889507911,103.53798849650701,10.0,113.53798849650701,122.0,8.462011503492988,4.822873396075238,True,True
133,157.3540435342952,158.48489489789029,cruise,3,endpoints,1.5103449684388164,103.63574789636866,10.0,113.63574789636866,122.0,8.364252103631344,4.118653576146357,True,True
134,158.48489489789029,159.61574626148538,cruise,3,endpoints,1.52724986047247,103.73242671678169,10.0,113.73242671678169,122.0,8.267573283218312,3.4301298949227146,True,True
135,159.61574626148538,160.2794413079164,cruise,3,endpoints,1.5371719112364883,103.78867363414741,10.0,113.78867363414741,122.0,8.211326365852585,3.0331362673659044,True,True
136,160.2794413079164,160.9431363543474,cruise,3,endpoints,1.5470943908100745,103.84456106500542,10.0,113.84456106500542,122.0,8.155438934994578,2.641268737907467,True,True
137,160.9431363543474,161.41029267154042,cruise,3,endpoints,1.5540787984156976,103.88368554630367,10.0,113.88368554630367,122.0,8.116314453696333,2.368464648817991,True,True
138,161.41029267154042,161.87744898873345,cruise,3,endpoints,1.561063411605745,103.92263573021617,10.0,113.92263573021617,122.0,8.077364269783828,2.098117635801316,True,True
139,161.87744898873345,163.00830035232855,cruise,3,endpoints,1.5779719899812517,104.01621063293533,10.0,114.01621063293533,122.0,7.983789367064674,1.4536577578983838,True,True
140,163.00830035232855,164.13915171592362,cruise,3,endpoints,1.5948817192638383,104.10879443694498,10.0,114.10879443694498,122.0,7.891205563055024,0.8229490562881097,True,True
141,164.13915171592362,164.83233245879703,cruise,3,endpoints,1.6052474709237785,104.16506472134662,10.0,114.16506472134662,122.0,7.834935278653376,0.44295166218310555,True,True
142,164.83233245879703,165.52551320167044,cruise,3,endpoints,1.6156136333190623,104.22097502018342,10.0,114.22097502018342,122.0,7.779024979816583,0.06786020657642666,True,True
143,165.52551320167044,165.9631838224066,cruise,3,endpoints,1.6221589809022168,104.256093140552,10.0,114.256093140552,122.0,7.743906859448003,-0.16648659048371428,True,True
144,165.9631838224066,166.40085444314278,cruise,3,endpoints,1.6287044871562522,104.29107069179993,10.0,114.29107069179993,122.0,7.708929308200069,-0.3989385343296874,True,True
145,166.40085444314278,167.53170580675234,cruise,3,endpoints,1.6456174577490277,104.38080255385576,10.0,114.38080255385576,122.0,7.619197446144241,-0.9909347325073554,True,True
146,167.53170580675234,168.66255717036188,cruise,3,endpoints,1.6625314430645226,104.46962218946769,10.0,114.46962218946769,122.0,7.530377810532315,-1.5708161960965583,True,True
147,168.66255717036188,169.3852236096777,cruise,3,endpoints,1.673340780936628,104.52591274145419,10.0,114.52591274145419,122.0,7.474087258545808,-1.9352128943096147,True,True
148,169.3852236096777,170.1078900489935,cruise,3,endpoints,1.6841505129193624,104.58184287215222,10.0,114.58184287215222,122.0,7.418157127847778,-2.294905681747025,True,True
149,170.1078900489935,170.51607497327282,cruise,3,endpoints,1.6902563636871044,104.61327642817297,10.0,114.61327642817297,122.0,7.386723571827034,-2.4960270494867984,True,True
150,170.51607497327282,170.92425989755213,cruise,3,endpoints,1.6963623364486038,104.64459726332058,10.0,114.64459726332058,122.0,7.355402736679423,-2.6956926000024737,True,True
151,170.92425989755213,172.05511126117614,cruise,3,endpoints,1.7132791868052673,104.73078761495907,10.0,114.73078761495907,122.0,7.26921238504093,-3.2413802032907313,True,True
152,172.05511126117614,173.18596262480017,cruise,3,endpoints,1.7301969363404448,104.81613560776994,10.0,114.81613560776994,122.0,7.183864392230063,-3.7763398203230736,True,True
153,173.18596262480017,173.9381147607928,cruise,3,endpoints,1.7414497590861977,104.87244382537565,10.0,114.87244382537565,122.0,7.127556174624345,-4.1263662613228576,True,True
154,173.9381147607928,174.69026689678543,cruise,3,endpoints,1.7527029605995001,104.92839123935633,10.0,114.92839123935633,122.0,7.07160876064367,-4.4718748386446805,True,True
155,174.69026689678543,175.0689661243879,cruise,3,endpoints,1.7583689483958753,104.95642495024947,10.0,114.95642495024947,122.0,7.04357504975053,-4.644151657124837,True,True
156,175.0689661243879,175.4476653519904,cruise,3,endpoints,1.7640350294611267,104.9843689325815,10.0,114.9843689325815,122.0,7.0156310674184965,-4.81531614301889,True,True
157,175.4476653519904,176.5785167155855,cruise,3,endpoints,1.780955323762443,105.06728533594163,10.0,115.06728533594163,122.0,6.932714664058366,-5.319923747934695,True,True
158,176.5785167155855,177.7093680791806,cruise,3,endpoints,1.7978764185739746,105.14942155685996,10.0,115.14942155685996,122.0,6.850578443140037,-5.814986285814484,True,True
159,177.7093680791806,178.49100591164455,cruise,3,endpoints,1.8095726362065465,105.20574524153663,10.0,115.20574524153663,122.0,6.794254758463367,-6.151732863514724,True,True
160,178.49100591164455,179.2726437441085,cruise,3,endpoints,1.8212692184045243,105.26170778555694,10.0,115.26170778555694,122.0,6.738292214443064,-6.484133468033519,True,True
161,179.2726437441085,179.62185727526858,cruise,3,endpoints,1.8264950343191293,105.28659475094793,10.0,115.28659475094793,122.0,6.713405249052073,-6.631258140525119,True,True
162,179.62185727526858,179.97107080642866,cruise,3,endpoints,1.8317209209976577,105.31141094899755,10.0,115.31141094899755,122.0,6.688589051002452,-6.777539365756212,True,True
163,179.97107080642866,181.10192217002376,cruise,3,endpoints,1.8486442862653416,105.39129189057944,10.0,115.39129189057944,122.0,6.6087081094205615,-7.245537064790085,True,True
164,181.10192217002376,182.23277353361885,cruise,3,endpoints,1.8655683672879546,105.47044821848678,10.0,115.47044821848678,122.0,6.52955178151322,-7.705004901887577,True,True
165,182.23277353361885,183.04389706252522,cruise,3,endpoints,1.8777078995457732,105.52678550143834,10.0,115.52678550143834,122.0,6.47321449856166,-8.029442441350227,True,True
166,183.04389706252522,183.85502059143158,cruise,3,endpoints,1.8898477831896339,105.58276134539015,10.0,115.58276134539015,122.0,6.4172386546098465,-8.349693298019304,True,True
167,183.85502059143158,184.17474842613478,cruise,3,endpoints,1.8946331650548933,105.60472753915832,10.0,115.60472753915832,122.0,6.3952724608416815,-8.47479676763811,True,True
168,184.17474842613478,184.494476260838,cruise,3,endpoints,1.899418600067884,105.62663856463092,10.0,115.62663856463092,122.0,6.373361435369077,-8.599267099453698,True,True
169,184.494476260838,185.62532762444758,cruise,3,endpoints,1.9163447152463,105.70369750177191,10.0,115.70369750177191,122.0,6.296302498228087,-9.034499198338125,True,True
170,185.62532762444758,186.75617898805712,cruise,3,endpoints,1.9332714729670537,105.78008168648859,10.0,115.78008168648859,122.0,6.219918313511414,-9.462077626681292,True,True
171,186.75617898805712,187.5967882136403,cruise,3,endpoints,1.9458542479758627,105.83643097044886,10.0,115.83643097044886,122.0,6.163569029551141,-9.77507424956184,True,True
172,187.5967882136403,188.4373974392235,cruise,3,endpoints,1.9584373621032152,105.89241855024571,10.0,115.89241855024571,122.0,6.107581449754292,-10.084032216365927,True,True
173,188.4373974392235,188.72763957723544,cruise,3,endpoints,1.9627820861976744,105.91166654691261,10.0,115.91166654691261,122.0,6.088333453087387,-10.189784167849098,True,True
174,188.72763957723544,189.01788171524737,cruise,3,endpoints,1.9671268496842416,105.93087215810561,10.0,115.93087215810561,122.0,6.069127841894385,-10.295067066927146,True,True
175,189.01788171524737,190.14873307887137,cruise,3,endpoints,1.9840554369208023,106.00530088830135,10.0,116.00530088830135,122.0,5.994699111698651,-10.700857880317415,True,True
176,190.14873307887137,191.2795844424954,cruise,3,endpoints,2.0009846031294836,106.07909977235734,10.0,116.07909977235734,122.0,5.920900227642662,-11.099755203541974,True,True
177,191.2795844424954,192.14967936452098,cruise,3,endpoints,2.0140105562600144,106.13545968503354,10.0,116.13545968503354,122.0,5.864540314966462,-11.40209032093594,True,True
178,192.14967936452098,193.01977428654655,cruise,3,endpoints,2.0270368370639162,106.19145765701406,10.0,116.19145765701406,122.0,5.808542342985945,-11.700524699201651,True,True
179,193.01977428654655,193.28053072811608,cruise,3,endpoints,2.0309407115145772,106.20816974213237,10.0,116.20816974213237,122.0,5.79183025786763,-11.789213286729677,True,True
180,193.28053072811608,193.5412871696856,cruise,3,endpoints,2.034844614662821,106.2248498566017,10.0,116.2248498566017,122.0,5.775150143398307,-11.877560273791232,True,True
181,193.5412871696856,194.6721385332807,cruise,3,endpoints,2.051775432277038,106.29682134061082,10.0,116.29682134061082,122.0,5.703178659389181,-12.256799161574463,True,True
182,194.6721385332807,195.8029898968758,cruise,3,endpoints,2.068706773406575,106.3682035628068,10.0,116.3682035628068,122.0,5.631796437193202,-12.629807310785623,True,True
183,195.8029898968758,196.7025705154899,cruise,3,endpoints,2.0821758463481723,106.42457291960312,10.0,116.42457291960312,122.0,5.575427080396878,-12.92218331202713,True,True
184,196.7025705154899,197.60215113410402,cruise,3,endpoints,2.095645236262622,106.48058012399729,10.0,116.48058012399729,122.0,5.519419876002715,-13.210787382760657,True,True
185,197.60215113410402,197.8334218791139,cruise,3,endpoints,2.099108095716997,106.49492090616253,10.0,116.49492090616253,122.0,5.505079093837466,-13.284383172589997,True,True
186,197.8334218791139,198.0646926241238,cruise,3,endpoints,2.102570975616846,106.509238134556,10.0,116.509238134556,122.0,5.490761865444,-13.357735676190202,True,True
187,198.0646926241238,199.1955439877189,cruise,3,endpoints,2.119503812413005,106.57890887589268,10.0,116.57890887589268,122.0,5.4210911241073205,-13.712945922045321,True,True
188,199.1955439877189,200.326395351314,cruise,3,endpoints,2.1364371241210813,106.64802715315342,10.0,116.64802715315342,122.0,5.351972846846579,-14.062505874006888,True,True
189,200.326395351314,201.25546166648775,cruise,3,endpoints,2.1503492640808197,106.70440492690695,10.0,116.70440492690695,122.0,5.295595073093054,-14.345557951222958,True,True
190,201.25546166648775,202.1845279816615,cruise,3,endpoints,2.1642617109850812,106.76042035815671,10.0,116.76042035815671,122.0,5.239579641843292,-14.62495867171981,True,True
191,202.1845279816615,202.38631303008287,cruise,3,endpoints,2.167283412325924,106.77253897535964,10.0,116.77253897535964,122.0,5.2274610246403626,-14.68516630592734,True,True
192,202.38631303008287,202.58809807850423,cruise,3,endpoints,2.170305127808697,106.78464076473128,10.0,116.78464076473128,122.0,5.215359235268721,-14.745205724382231,True,True
193,202.58809807850423,203.71894944212826,cruise,3,endpoints,2.1872397984163174,106.85215282621387,10.0,116.85215282621387,122.0,5.147847173786133,-15.078600728055164,True,True
194,203.71894944212826,204.84980080575227,cruise,3,endpoints,2.204174901163642,106.91914589006402,10.0,116.91914589006402,122.0,5.080854109935984,-15.406855966186356,True,True
195,204.84980080575227,205.8083528173684,cruise,3,endpoints,2.218530060188986,106.975531186388,10.0,116.975531186388,122.0,5.024468813612003,-15.681160421029574,True,True
196,205.8083528173684,206.7669048289845,cruise,3,endpoints,2.232885516745398,107.03155396901228,10.0,117.03155396901228,122.0,4.968446030987721,-15.951926623294128,True,True
197,206.7669048289845,206.9392041809635,cruise,3,endpoints,2.2354659355938495,107.04158596227343,10.0,117.04158596227343,122.0,4.95841403772657,-16.00022685094575,True,True
198,206.9392041809635,207.11150353294246,cruise,3,endpoints,2.2380463638382517,107.05160641865555,10.0,117.05160641865555,122.0,4.9483935813444475,-16.048415349233863,True,True
199,207.11150353294246,208.242354896552,cruise,3,endpoints,2.2549827048834623,107.11708914030788,10.0,117.11708914030788,122.0,4.882910859692117,-16.361944777267183,True,True
200,208.242354896552,209.37320626016157,cruise,3,endpoints,2.2719194402791922,107.1820833885461,10.0,117.1820833885461,122.0,4.817916611453896,-16.670785269722643,True,True
201,209.37320626016157,210.3612439683518,cruise,3,endpoints,2.2867175746974517,107.23847542567142,10.0,117.23847542567142,122.0,4.7615245743285755,-16.936866575057422,True,True
202,210.3612439683518,211.349281676542,cruise,3,endpoints,2.3015159977864923,107.29450479446743,10.0,117.29450479446743,122.0,4.705495205532571,-17.199515935565756,True,True
203,211.349281676542,211.49209533196134,cruise,3,endpoints,2.3036550256263353,107.30257370699698,10.0,117.30257370699698,122.0,4.697426293003019,-17.23720002798703,True,True
204,211.49209533196134,211.63490898738067,cruise,3,endpoints,2.3057940593634507,107.31063515293717,10.0,117.31063515293717,122.0,4.6893648470628335,-17.27481399566301,True,True
205,211.63490898738067,212.76576035097577,cruise,3,endpoints,2.3227319263049,107.37420662262053,10.0,117.37420662262053,122.0,4.625793377379466,-17.570201923416874,True,True
206,212.76576035097577,213.89661171457087,cruise,3,endpoints,2.339670154086864,107.43731753493783,10.0,117.43731753493783,122.0,4.562682465062167,-17.861300524280608,True,True
207,213.89661171457087,214.91413511933513,cruise,3,endpoints,2.3549112239992303,107.4937156269786,10.0,117.4937156269786,122.0,4.506284373021401,-18.119637358014472,True,True
208,214.91413511933513,215.93165852409942,cruise,3,endpoints,2.3701525742357323,107.54975091068619,10.0,117.54975091068619,122.0,4.4502490893138145,-18.374642353027724,True,True
209,215.93165852409942,216.04498648295913,cruise,3,endpoints,2.3718501160502816,107.55596965936687,10.0,117.55596965936687,122.0,4.444030340633134,-18.40284045410465,True,True
210,216.04498648295913,216.15831444181887,cruise,3,endpoints,2.3735476612673554,107.56218397130951,10.0,117.56218397130951,122.0,4.4378160286904915,-18.43099810814664,True,True
211,216.15831444181887,217.28916580541397,cruise,3,endpoints,2.3904869257624934,107.62395228945324,10.0,117.62395228945324,122.0,4.376047710546757,-18.709774728820264,True,True
212,217.28916580541397,218.42001716900907,cruise,3,endpoints,2.4074265212758013,107.68528564618477,10.0,117.68528564618477,122.0,4.3147143538152335,-18.98461748265447,True,True
213,218.42001716900907,219.46702627021577,cruise,3,endpoints,2.423110490139426,107.74168918932078,10.0,117.74168918932078,122.0,4.25831081067922,-19.23564790847462,True,True
214,219.46702627021577,220.51403537142244,cruise,3,endpoints,2.4387947314468903,107.79772979703414,10.0,117.79772979703414,122.0,4.202270202965863,-19.483440927274785,True,True
215,220.51403537142244,220.59787763381084,cruise,3,endpoints,2.4400507037635015,107.80220185392399,10.0,117.80220185392399,122.0,4.1977981460760105,-19.50314553994167,True,True
216,220.59787763381084,220.68171989619924,cruise,3,endpoints,2.4413066777905184,107.80667161558041,10.0,117.80667161558041,122.0,4.193328384419587,-19.522829824206326,True,True
217,220.68171989619924,221.81257125982327,cruise,3,endpoints,2.4582472254861605,107.8667359875453,10.0,117.8667359875453,122.0,4.133264012454703,-19.786357955968327,True,True
218,221.81257125982327,222.94342262344728,cruise,3,endpoints,2.4751880775740456,107.92638892345599,10.0,117.92638892345599,122.0,4.073611076544012,-20.046269464681245,True,True
219,222.94342262344728,224.0199174212136,cruise,3,endpoints,2.4913149118411817,107.98279738440638,10.0,117.98279738440638,122.0,4.017202615593618,-20.290395400356545,True,True
220,224.0199174212136,225.0964122189799,cruise,3,endpoints,2.507442011101683,108.03884279430446,10.0,118.03884279430446,122.0,3.9611572056955424,-20.53137315551905,True,True
221,225.0964122189799,225.15076878480872,cruise,3,endpoints,2.508256340348844,108.04166320874585,10.0,118.04166320874585,122.0,3.9583367912541547,-20.54345870270106,True,True
222,225.15076878480872,225.20512535063753,cruise,3,endpoints,2.509070670258785,108.0444827099559,10.0,118.0444827099559,122.0,3.9555172900440994,-20.555536385414257,True,True
223,225.20512535063753,226.33597671424707,cruise,3,endpoints,2.526012398937972,108.1029343934333,10.0,118.1029343934333,122.0,3.8970656065666986,-20.805033745717594,True,True
224,226.33597671424707,227.46682807785663,cruise,3,endpoints,2.5429544081624518,108.16099631253228,10.0,118.16099631253228,122.0,3.8390036874677236,-21.051198511421376,True,True
225,227.46682807785663,228.572808572197,cruise,3,endpoints,2.5595240769575613,108.2174092188582,10.0,118.2174092188582,122.0,3.7825907811418062,-21.288789598963376,True,True
226,228.572808572197,229.67878906653738,cruise,3,endpoints,2.5760940036893163,108.27345896869153,10.0,118.27345896869153,122.0,3.7265410313084715,-21.523316946103193,True,True
227,229.67878906653738,229.70365993580657,cruise,3,endpoints,2.576466624835702,108.27471525518413,10.0,118.27471525518413,122.0,3.725284744815866,-21.52855614447236,True,True
228,229.70365993580657,229.72853080507574,cruise,3,endpoints,2.576839246108423,108.27597136042544,10.0,118.27597136042544,122.0,3.7240286395745557,-21.533793824028777,True,True
229,229.72853080507574,230.85938216867083,cruise,3,endpoints,2.593782064125634,108.3328944902895,10.0,118.3328944902895,122.0,3.6671055097104954,-21.7703518392276,True,True
230,230.85938216867083,231.99023353226593,cruise,3,endpoints,2.610725141263207,108.38944786306078,10.0,118.38944786306078,122.0,3.6105521369392193,-22.003832308688345,True,True
231,231.99023353226593,233.12108489588994,cruise,3,endpoints,2.6276684725142445,108.44563624041814,10.0,118.44563624041814,122.0,3.554363759581861,-22.23429490114134,True,True
232,233.12108489588994,234.25193625951394,cruise,3,endpoints,2.6446120529910306,108.50146429282938,10.0,118.50146429282938,122.0,3.4985357071706176,-22.46179775270093,True,True
233,234.25193625951394,234.25655108668715,cruise,3,endpoints,2.6446811975915807,108.501691386447,10.0,118.501691386447,122.0,3.498308613552993,-22.462720170446744,True,True
234,234.25655108668715,234.2611659138604,cruise,3,endpoints,2.644750342196547,108.5019184741419,10.0,118.5019184741419,122.0,3.4980815258580975,-22.463642539858142,True,True
235,234.2611659138604,235.38740245028228,cruise,3,endpoints,2.661625023523246,108.55716225305682,10.0,118.55716225305682,122.0,3.4428377469431837,-22.68730820055157,True,True
236,235.38740245028228,236.51363898670417,cruise,3,endpoints,2.678499942706137,108.61205766261608,10.0,118.61205766261608,122.0,3.387942337383919,-22.908149406085272,True,True
237,236.51363898670417,237.64449035029924,cruise,3,endpoints,2.695444242780649,108.6668318854559,10.0,118.6668318854559,122.0,3.333168114544094,-23.127107247952324,True,True
238,237.64449035029924,238.77534171389433,cruise,3,endpoints,2.712388773751573,108.72126359856136,10.0,118.72126359856136,122.0,3.2787364014386355,-23.343323517808983,True,True
239,238.77534171389433,238.8094422376561,cruise,3,endpoints,2.7128997351412623,108.72289969745121,10.0,118.72289969745121,122.0,3.2771003025487886,-23.349801421186925,True,True
240,238.8094422376561,238.84354276141784,cruise,3,endpoints,2.7134106967380642,108.72453548888186,10.0,118.72453548888186,122.0,3.2754645111181446,-23.356276879647282,True,True
241,238.84354276141784,239.9402936012801,cruise,3,endpoints,2.729844499473811,108.7769830135537,10.0,118.7769830135537,122.0,3.2230169864462965,-23.563246942569435,True,True
242,239.9402936012801,241.03704444114237,cruise,3,endpoints,2.7462785112807686,108.8291164083347,10.0,118.8291164083347,122.0,3.1708835916653015,-23.76773475792848,True,True
243,241.03704444114237,242.16789580473747,cruise,3,endpoints,2.7632237095551218,108.88254576739682,10.0,118.88254576739682,122.0,3.1174542326031798,-23.976028311364104,True,True
244,242.16789580473747,243.29874716833257,cruise,3,endpoints,2.780169122144744,108.9356491452568,10.0,118.9356491452568,122.0,3.0643508547431964,-24.18177753550185,True,True
245,243.29874716833257,243.36233338865392,cruise,3,endpoints,2.781121945725131,108.93862547591232,10.0,118.93862547591232,122.0,3.0613745240876824,-24.193271926331136,True,True
246,243.36233338865392,243.4259196089753,cruise,3,endpoints,2.7820747699704365,108.94160078911553,10.0,118.94160078911553,122.0,3.058399210884474,-24.204758427777506,True,True
247,243.4259196089753,244.4931847522635,cruise,3,endpoints,2.798067580455974,108.99138882623089,10.0,118.99138882623089,122.0,3.0086111737691112,-24.396384051362418,True,True
248,244.4931847522635,245.56044989555167,cruise,3,endpoints,2.814060574788955,109.04089366858364,10.0,119.04089366858364,122.0,2.959106331416365,-24.58582722117586,True,True
249,245.56044989555167,246.69130125916124,cruise,3,endpoints,2.8310066073314246,109.09304249369404,10.0,119.09304249369404,122.0,2.9069575063059574,-24.784217033047298,True,True
250,246.69130125916124,247.82215262277077,cruise,3,endpoints,2.8479528391622284,109.14488070023363,10.0,119.14488070023363,122.0,2.855119299766372,-24.980241282180998,True,True
251,247.82215262277077,247.91522453953456,cruise,3,endpoints,2.849347565509601,109.1491333948469,10.0,119.1491333948469,122.0,2.850866605153101,-24.996270521452004,True,True
252,247.91522453953456,248.00829645629832,cruise,3,endpoints,2.8507422931801742,109.15338401235078,10.0,119.15338401235078,122.0,2.8466159876492156,-25.01228404569497,True,True
253,248.00829645629832,249.04607590312966,cruise,3,endpoints,2.8662940090466065,109.20063955306958,10.0,119.20063955306958,122.0,2.7993604469304216,-25.189781879042442,True,True
254,249.04607590312966,250.083855349961,cruise,3,endpoints,2.881845886624113,109.24763987816809,10.0,119.24763987816809,122.0,2.752360121831913,-25.36536033715987,True,True
255,250.083855349961,251.21470671357056,cruise,3,endpoints,2.898792695428626,109.29856799989987,10.0,119.29856799989987,122.0,2.7014320001001266,-25.55453631654433,True,True
256,251.21470671357056,252.34555807718013,cruise,3,endpoints,2.9157396898656422,109.3491998067033,10.0,119.3491998067033,122.0,2.6508001932967034,-25.74150913728124,True,True
257,252.34555807718013,252.46811569051795,cruise,3,endpoints,2.917576355331066,109.35466944830621,10.0,119.35466944830621,122.0,2.645330551693789,-25.761641880523428,True,True
258,252.46811569051795,252.5906733038558,cruise,3,endpoints,2.919413022932937,109.36013565411346,10.0,119.36013565411346,122.0,2.6398643458865365,-25.781749245041738,True,True
259,252.5906733038558,253.5989670541275,cruise,3,endpoints,2.9345235517597548,109.40497682230425,10.0,119.40497682230425,122.0,2.595023177695751,-25.946217444348065,True,True
260,253.5989670541275,254.60726080439923,cruise,3,endpoints,2.949634222835781,109.44958810394293,10.0,119.44958810394293,122.0,2.5504118960570707,-26.108997479544115,True,True
261,254.60726080439923,255.7381121679943,cruise,3,endpoints,2.966581755151942,109.49935126287166,10.0,119.49935126287166,122.0,2.500648737128344,-26.289586912129153,True,True
262,255.7381121679943,256.86896353158943,cruise,3,endpoints,2.9835294606614973,109.54883144649241,10.0,119.54883144649241,122.0,2.4511685535075856,-26.468121057758538,True,True
263,256.86896353158943,257.02100684150133,cruise,3,endpoints,2.985808097871648,109.55546266548441,10.0,119.55546266548441,122.0,2.444537334515587,-26.491970186752383,True,True
264,257.02100684150133,257.17305015141324,cruise,3,endpoints,2.988086738154038,109.5620888346825,10.0,119.5620888346825,122.0,2.4379111653175016,-26.515782878097014,True,True
265,257.17305015141324,258.15185820512534,cruise,3,endpoints,3.002755996312991,109.60462569226269,10.0,119.60462569226269,122.0,2.3953743077373133,-26.66821490832922,True,True
266,258.15185820512534,259.13066625883744,cruise,3,endpoints,3.0174253795915127,109.64695561172522,10.0,119.64695561172522,122.0,2.353044388274782,-26.819162256073923,True,True
267,259.13066625883744,260.26151762243256,cruise,3,endpoints,3.0343735873374507,109.6956058222507,10.0,119.6956058222507,122.0,2.3043941777493018,-26.99173675169837,True,True
268,260.26151762243256,261.3923689860277,cruise,3,endpoints,3.051321956926584,109.74398551765825,10.0,119.74398551765825,122.0,2.2560144823417545,-27.162390889460056,True,True
269,261.3923689860277,261.573897992382,cruise,3,endpoints,3.0540425952287276,109.75172663300026,10.0,119.75172663300026,122.0,2.24827336699974,-27.189608282219183,True,True
270,261.573897992382,261.7554269987363,cruise,3,endpoints,3.056763237621413,109.75946086700321,10.0,119.75946086700321,122.0,2.240539132996787,-27.216777144167736,True,True
271,261.7554269987363,262.0643708458029,cruise,3,endpoints,3.0613935027541337,109.77260795731907,10.0,119.77260795731907,122.0,2.2273920426809326,-27.262904561892924,True,True
272,262.0643708458029,262.3733146928695,cruise,3,endpoints,3.066023779648812,109.78573521139775,10.0,119.78573521139775,122.0,2.21426478860225,-27.308892423866922,True,True
273,262.3733146928695,306.9016197465804,descent,3,endpoints,3.066023779648812,109.78573521139775,10.0,119.78573521139775,122.0,2.21426478860225,-52.496814839404095,True,True
274,306.9016197465804,738.9016197465804,handoff,3,endpoints,3.0636751178403956,109.77907902204669,10.0,119.77907902204669,122.0,2.2209209779533126,-52.496814839404095,True,True
275,738.9016197465804,774.5242637895492,return_climb,3,endpoints,3.0660237796488117,109.78573521139775,10.0,119.78573521139775,122.0,2.21426478860225,-52.496814839404095,True,True
276,774.5242637895492,774.8332076366158,return_cruise,3,endpoints,3.066023779648812,109.78573521139775,10.0,119.78573521139775,122.0,2.21426478860225,-27.308892423866922,True,True
277,774.8332076366158,775.1421514836824,return_cruise,3,endpoints,3.0613935027541337,109.77260795731907,10.0,119.77260795731907,122.0,2.2273920426809326,-27.262904561892924,True,True
278,775.1421514836824,775.3236804900367,return_cruise,3,endpoints,3.0567632376214133,109.75946086700321,10.0,119.75946086700321,122.0,2.240539132996787,-27.216777144167736,True,True
279,775.3236804900367,775.505209496391,return_cruise,3,endpoints,3.0540425952287276,109.75172663300026,10.0,119.75172663300026,122.0,2.24827336699974,-27.189608282219183,True,True
280,775.505209496391,776.6360608599861,return_cruise,3,endpoints,3.051321956926584,109.74398551765825,10.0,119.74398551765825,122.0,2.2560144823417545,-27.162390889460056,True,True
281,776.6360608599861,777.7669122235811,return_cruise,3,endpoints,3.0343735873374507,109.6956058222507,10.0,119.6956058222507,122.0,2.3043941777493018,-26.99173675169837,True,True
282,777.7669122235811,778.7457202772932,return_cruise,3,endpoints,3.0174253795915127,109.64695561172522,10.0,119.64695561172522,122.0,2.353044388274782,-26.819162256073923,True,True
283,778.7457202772932,779.7245283310053,return_cruise,3,endpoints,3.002755996312991,109.60462569226269,10.0,119.60462569226269,122.0,2.3953743077373133,-26.66821490832922,True,True
284,779.7245283310053,779.8765716409173,return_cruise,3,endpoints,2.9880867381540375,109.5620888346825,10.0,119.5620888346825,122.0,2.4379111653175016,-26.515782878097014,True,True
285,779.8765716409173,780.0286149508293,return_cruise,3,endpoints,2.9858080978716486,109.55546266548441,10.0,119.55546266548441,122.0,2.444537334515587,-26.491970186752383,True,True
286,780.0286149508293,781.1594663144243,return_cruise,3,endpoints,2.9835294606614973,109.54883144649241,10.0,119.54883144649241,122.0,2.4511685535075856,-26.468121057758538,True,True
287,781.1594663144243,782.2903176780194,return_cruise,3,endpoints,2.966581755151942,109.49935126287166,10.0,119.49935126287166,122.0,2.500648737128344,-26.289586912129153,True,True
288,782.2903176780194,783.2986114282911,return_cruise,3,endpoints,2.949634222835781,109.44958810394293,10.0,119.44958810394293,122.0,2.5504118960570707,-26.108997479544115,True,True
289,783.2986114282911,784.3069051785628,return_cruise,3,endpoints,2.9345235517597548,109.40497682230425,10.0,119.40497682230425,122.0,2.595023177695751,-25.946217444348065,True,True
290,784.3069051785628,784.4294627919007,return_cruise,3,endpoints,2.9194130229329374,109.36013565411346,10.0,119.36013565411346,122.0,2.6398643458865365,-25.781749245041738,True,True
291,784.4294627919007,784.5520204052385,return_cruise,3,endpoints,2.917576355331066,109.35466944830621,10.0,119.35466944830621,122.0,2.645330551693789,-25.761641880523428,True,True
292,784.5520204052385,785.6828717688481,return_cruise,3,endpoints,2.9157396898656422,109.3491998067033,10.0,119.3491998067033,122.0,2.6508001932967034,-25.74150913728124,True,True
293,785.6828717688481,786.8137231324578,return_cruise,3,endpoints,2.8987926954282024,109.29856799989861,10.0,119.29856799989861,122.0,2.7014320001013914,-25.554536316539497,True,True
294,786.8137231324578,787.8515025792891,return_cruise,3,endpoints,2.881845886624113,109.24763987816809,10.0,119.24763987816809,122.0,2.752360121831913,-25.36536033715987,True,True
295,787.8515025792891,788.8892820261204,return_cruise,3,endpoints,2.866294009046606,109.20063955306958,10.0,119.20063955306958,122.0,2.7993604469304216,-25.189781879042442,True,True
296,788.8892820261204,788.9823539428842,return_cruise,3,endpoints,2.8507422931801742,109.15338401235078,10.0,119.15338401235078,122.0,2.8466159876492156,-25.01228404569497,True,True
297,788.9823539428842,789.0754258596479,return_cruise,3,endpoints,2.849347565509601,109.1491333948469,10.0,119.1491333948469,122.0,2.850866605153101,-24.996270521452004,True,True
298,789.0754258596479,790.2062772232574,return_cruise,3,endpoints,2.8479528391622284,109.14488070023363,10.0,119.14488070023363,122.0,2.855119299766372,-24.980241282180998,True,True
299,790.2062772232574,791.337128586867,return_cruise,3,endpoints,2.831006607331848,109.09304249369534,10.0,119.09304249369534,122.0,2.906957506304664,-24.78421703305233,True,True
300,791.337128586867,792.4043937301552,return_cruise,3,endpoints,2.814060574788955,109.04089366858364,10.0,119.04089366858364,122.0,2.959106331416365,-24.58582722117586,True,True
301,792.4043937301552,793.4716588734434,return_cruise,3,endpoints,2.798067580455974,108.99138882623089,10.0,118.99138882623089,122.0,3.0086111737691112,-24.396384051362418,True,True
302,793.4716588734434,793.5352450937647,return_cruise,3,endpoints,2.7820747699704365,108.94160078911553,10.0,118.94160078911553,122.0,3.058399210884474,-24.204758427777506,True,True
303,793.5352450937647,793.598831314086,return_cruise,3,endpoints,2.7811219457251304,108.93862547591232,10.0,118.93862547591232,122.0,3.0613745240876824,-24.193271926331136,True,True
304,793.598831314086,794.7296826776811,return_cruise,3,endpoints,2.780169122144744,108.9356491452568,10.0,118.9356491452568,122.0,3.0643508547431964,-24.18177753550185,True,True
305,794.7296826776811,795.8605340412762,return_cruise,3,endpoints,2.7632237095551218,108.88254576739682,10.0,118.88254576739682,122.0,3.1174542326031798,-23.976028311364104,True,True
306,795.8605340412762,796.9572848811384,return_cruise,3,endpoints,2.7462785112807686,108.8291164083347,10.0,118.8291164083347,122.0,3.1708835916653015,-23.76773475792848,True,True
307,796.9572848811384,798.0540357210007,return_cruise,3,endpoints,2.729844499473811,108.7769830135537,10.0,118.7769830135537,122.0,3.2230169864462965,-23.563246942569435,True,True
308,798.0540357210007,798.0881362447624,return_cruise,3,endpoints,2.7134106967380642,108.72453548888186,10.0,118.72453548888186,122.0,3.2754645111181446,-23.356276879647282,True,True
309,798.0881362447624,798.1222367685242,return_cruise,3,endpoints,2.7128997351412623,108.72289969745121,10.0,118.72289969745121,122.0,3.2771003025487886,-23.349801421186925,True,True
310,798.1222367685242,799.2530881321193,return_cruise,3,endpoints,2.712388773751573,108.72126359856136,10.0,118.72126359856136,122.0,3.2787364014386355,-23.343323517808983,True,True
311,799.2530881321193,800.3839394957143,return_cruise,3,endpoints,2.6954442427806486,108.6668318854559,10.0,118.6668318854559,122.0,3.333168114544094,-23.127107247952324,True,True
312,800.3839394957143,801.5101760321362,return_cruise,3,endpoints,2.678499942706137,108.61205766261608,10.0,118.61205766261608,122.0,3.387942337383919,-22.908149406085272,True,True
313,801.5101760321362,802.6364125685581,return_cruise,3,endpoints,2.661625023523246,108.55716225305682,10.0,118.55716225305682,122.0,3.4428377469431837,-22.68730820055157,True,True
314,802.6364125685581,802.6410273957313,return_cruise,3,endpoints,2.644750342196547,108.5019184741419,10.0,118.5019184741419,122.0,3.4980815258580975,-22.463642539858142,True,True
315,802.6410273957313,802.6456422229045,return_cruise,3,endpoints,2.6446811975915807,108.501691386447,10.0,118.501691386447,122.0,3.498308613552993,-22.462720170446744,True,True
316,802.6456422229045,803.7764935865285,return_cruise,3,endpoints,2.6446120529910306,108.50146429282938,10.0,118.50146429282938,122.0,3.4985357071706176,-22.46179775270093,True,True
317,803.7764935865285,804.9073449501526,return_cruise,3,endpoints,2.6276684725142445,108.44563624041814,10.0,118.44563624041814,122.0,3.554363759581861,-22.23429490114134,True,True
318,804.9073449501526,806.0381963137477,return_cruise,3,endpoints,2.610725141263207,108.38944786306078,10.0,118.38944786306078,122.0,3.6105521369392193,-22.003832308688345,True,True
319,806.0381963137477,807.1690476773427,return_cruise,3,endpoints,2.593782064125634,108.3328944902895,10.0,118.3328944902895,122.0,3.6671055097104954,-21.7703518392276,True,True
320,807.1690476773427,807.1939185466119,return_cruise,3,endpoints,2.576839246108423,108.27597136042544,10.0,118.27597136042544,122.0,3.7240286395745557,-21.533793824028777,True,True
321,807.1939185466119,807.2187894158811,return_cruise,3,endpoints,2.576466624835702,108.27471525518413,10.0,118.27471525518413,122.0,3.725284744815866,-21.52855614447236,True,True
322,807.2187894158811,808.3247699102216,return_cruise,3,endpoints,2.5760940036893163,108.27345896869153,10.0,118.27345896869153,122.0,3.7265410313084715,-21.523316946103193,True,True
323,808.3247699102216,809.430750404562,return_cruise,3,endpoints,2.5595240769575613,108.2174092188582,10.0,118.2174092188582,122.0,3.7825907811418062,-21.288789598963376,True,True
324,809.430750404562,810.5616017681716,return_cruise,3,endpoints,2.5429544081624518,108.16099631253228,10.0,118.16099631253228,122.0,3.8390036874677236,-21.051198511421376,True,True
325,810.5616017681716,811.6924531317811,return_cruise,3,endpoints,2.5260123989375485,108.10293439343184,10.0,118.10293439343184,122.0,3.8970656065681624,-20.805033745711285,True,True
326,811.6924531317811,811.7468096976099,return_cruise,3,endpoints,2.509070670258785,108.0444827099559,10.0,118.0444827099559,122.0,3.9555172900440994,-20.555536385414257,True,True
327,811.7468096976099,811.8011662634387,return_cruise,3,endpoints,2.508256340348844,108.04166320874585,10.0,118.04166320874585,122.0,3.9583367912541547,-20.54345870270106,True,True
328,811.8011662634387,812.877661061205,return_cruise,3,endpoints,2.5074420111016833,108.03884279430446,10.0,118.03884279430446,122.0,3.9611572056955424,-20.53137315551905,True,True
329,812.877661061205,813.9541558589713,return_cruise,3,endpoints,2.4913149118411817,107.98279738440638,10.0,117.98279738440638,122.0,4.017202615593618,-20.290395400356545,True,True
330,813.9541558589713,815.0850072225953,return_cruise,3,endpoints,2.4751880775740456,107.92638892345599,10.0,117.92638892345599,122.0,4.073611076544012,-20.046269464681245,True,True
331,815.0850072225953,816.2158585862194,return_cruise,3,endpoints,2.4582472254861605,107.8667359875453,10.0,117.8667359875453,122.0,4.133264012454703,-19.786357955968327,True,True
332,816.2158585862194,816.2997008486078,return_cruise,3,endpoints,2.4413066777905184,107.80667161558041,10.0,117.80667161558041,122.0,4.193328384419587,-19.522829824206326,True,True
333,816.2997008486078,816.3835431109962,return_cruise,3,endpoints,2.4400507037635015,107.80220185392399,10.0,117.80220185392399,122.0,4.1977981460760105,-19.50314553994167,True,True
334,816.3835431109962,817.4305522122029,return_cruise,3,endpoints,2.4387947314468903,107.79772979703414,10.0,117.79772979703414,122.0,4.202270202965863,-19.483440927274785,True,True
335,817.4305522122029,818.4775613134096,return_cruise,3,endpoints,2.423110490139426,107.74168918932078,10.0,117.74168918932078,122.0,4.25831081067922,-19.23564790847462,True,True
336,818.4775613134096,819.6084126770047,return_cruise,3,endpoints,2.4074265212758013,107.68528564618477,10.0,117.68528564618477,122.0,4.3147143538152335,-18.98461748265447,True,True
337,819.6084126770047,820.7392640405998,return_cruise,3,endpoints,2.3904869257624934,107.62395228945324,10.0,117.62395228945324,122.0,4.376047710546757,-18.709774728820264,True,True
338,820.7392640405998,820.8525919994595,return_cruise,3,endpoints,2.3735476612673554,107.56218397130951,10.0,117.56218397130951,122.0,4.4378160286904915,-18.43099810814664,True,True
339,820.8525919994595,820.9659199583192,return_cruise,3,endpoints,2.3718501160502816,107.55596965936687,10.0,117.55596965936687,122.0,4.444030340633134,-18.40284045410465,True,True
340,820.9659199583192,821.9834433630836,return_cruise,3,endpoints,2.3701525742357323,107.54975091068619,10.0,117.54975091068619,122.0,4.4502490893138145,-18.374642353027724,True,True
341,821.9834433630836,823.0009667678478,return_cruise,3,endpoints,2.3549112239992303,107.4937156269786,10.0,117.4937156269786,122.0,4.506284373021401,-18.119637358014472,True,True
342,823.0009667678478,824.1318181314429,return_cruise,3,endpoints,2.339670154086864,107.43731753493783,10.0,117.43731753493783,122.0,4.562682465062167,-17.861300524280608,True,True
343,824.1318181314429,825.2626694950379,return_cruise,3,endpoints,2.3227319263049,107.37420662262053,10.0,117.37420662262053,122.0,4.625793377379466,-17.570201923416874,True,True
344,825.2626694950379,825.4054831504573,return_cruise,3,endpoints,2.305794059363451,107.31063515293717,10.0,117.31063515293717,122.0,4.6893648470628335,-17.27481399566301,True,True
345,825.4054831504573,825.5482968058766,return_cruise,3,endpoints,2.3036550256263353,107.30257370699698,10.0,117.30257370699698,122.0,4.697426293003019,-17.23720002798703,True,True
346,825.5482968058766,826.5363345140668,return_cruise,3,endpoints,2.3015159977864923,107.29450479446743,10.0,117.29450479446743,122.0,4.705495205532571,-17.199515935565756,True,True
347,826.5363345140668,827.5243722222569,return_cruise,3,endpoints,2.2867175746974517,107.23847542567142,10.0,117.23847542567142,122.0,4.7615245743285755,-16.936866575057422,True,True
348,827.5243722222569,828.6552235858666,return_cruise,3,endpoints,2.2719194402791922,107.1820833885461,10.0,117.1820833885461,122.0,4.817916611453896,-16.670785269722643,True,True
349,828.6552235858666,829.7860749494761,return_cruise,3,endpoints,2.2549827048834623,107.11708914030788,10.0,117.11708914030788,122.0,4.882910859692117,-16.361944777259225,True,True
350,829.7860749494761,829.958374301455,return_cruise,3,endpoints,2.2380463638382517,107.05160641865555,10.0,117.05160641865555,122.0,4.9483935813444475,-16.048415349233863,True,True
351,829.958374301455,830.130673653434,return_cruise,3,endpoints,2.2354659355938495,107.04158596227343,10.0,117.04158596227343,122.0,4.95841403772657,-16.00022685094575,True,True
352,830.130673653434,831.0892256650501,return_cruise,3,endpoints,2.232885516745398,107.03155396901228,10.0,117.03155396901228,122.0,4.968446030987721,-15.951926623294128,True,True
353,831.0892256650501,832.0477776766662,return_cruise,3,endpoints,2.218530060188986,106.975531186388,10.0,116.975531186388,122.0,5.024468813612003,-15.681160421029574,True,True
354,832.0477776766662,833.1786290402903,return_cruise,3,endpoints,2.204174901163642,106.91914589006402,10.0,116.91914589006402,122.0,5.080854109935984,-15.406855966186356,True,True
355,833.1786290402903,834.3094804039143,return_cruise,3,endpoints,2.1872397984163174,106.85215282621387,10.0,116.85215282621387,122.0,5.147847173786133,-15.078600728055164,True,True
356,834.3094804039143,834.5112654523357,return_cruise,3,endpoints,2.170305127808697,106.78464076473128,10.0,116.78464076473128,122.0,5.215359235268721,-14.745205724382231,True,True
357,834.5112654523357,834.713050500757,return_cruise,3,endpoints,2.167283412325924,106.77253897535964,10.0,116.77253897535964,122.0,5.2274610246403626,-14.68516630592734,True,True
358,834.713050500757,835.6421168159308,return_cruise,3,endpoints,2.1642617109850812,106.76042035815671,10.0,116.76042035815671,122.0,5.239579641843292,-14.62495867171981,True,True
359,835.6421168159308,836.5711831311045,return_cruise,3,endpoints,2.1503492640808197,106.70440492690695,10.0,116.70440492690695,122.0,5.295595073093054,-14.345557951222958,True,True
360,836.5711831311045,837.7020344946995,return_cruise,3,endpoints,2.1364371241210813,106.64802715315342,10.0,116.64802715315342,122.0,5.351972846846579,-14.062505874006888,True,True
361,837.7020344946995,838.8328858582946,return_cruise,3,endpoints,2.1195038124130052,106.57890887589268,10.0,116.57890887589268,122.0,5.4210911241073205,-13.712945922045321,True,True
362,838.8328858582946,839.0641566033046,return_cruise,3,endpoints,2.102570975616846,106.509238134556,10.0,116.509238134556,122.0,5.490761865444,-13.357735676190202,True,True
363,839.0641566033046,839.2954273483144,return_cruise,3,endpoints,2.099108095716997,106.49492090616253,10.0,116.49492090616253,122.0,5.505079093837466,-13.284383172589997,True,True
364,839.2954273483144,840.1950079669285,return_cruise,3,endpoints,2.095645236262622,106.48058012399729,10.0,116.48058012399729,122.0,5.519419876002715,-13.210787382760657,True,True
365,840.1950079669285,841.0945885855426,return_cruise,3,endpoints,2.082175846348172,106.42457291960312,10.0,116.42457291960312,122.0,5.575427080396878,-12.92218331202713,True,True
366,841.0945885855426,842.2254399491377,return_cruise,3,endpoints,2.068706773406575,106.3682035628068,10.0,116.3682035628068,122.0,5.631796437193202,-12.629807310785623,True,True
367,842.2254399491377,843.3562913127328,return_cruise,3,endpoints,2.051775432277038,106.29682134061082,10.0,116.29682134061082,122.0,5.703178659389181,-12.256799161574463,True,True
368,843.3562913127328,843.6170477543022,return_cruise,3,endpoints,2.0348446146628207,106.2248498566017,10.0,116.2248498566017,122.0,5.775150143398307,-11.877560273791232,True,True
369,843.6170477543022,843.8778041958717,return_cruise,3,endpoints,2.0309407115145772,106.20816974213237,10.0,116.20816974213237,122.0,5.79183025786763,-11.789213286729677,True,True
370,843.8778041958717,844.7478991178973,return_cruise,3,endpoints,2.027036837063916,106.19145765701406,10.0,116.19145765701406,122.0,5.808542342985945,-11.700524699201651,True,True
371,844.7478991178973,845.6179940399229,return_cruise,3,endpoints,2.0140105562600144,106.13545968503354,10.0,116.13545968503354,122.0,5.864540314966462,-11.40209032093594,True,True
372,845.6179940399229,846.748845403547,return_cruise,3,endpoints,2.0009846031294836,106.07909977235734,10.0,116.07909977235734,122.0,5.920900227642662,-11.099755203541974,True,True
373,846.748845403547,847.879696767171,return_cruise,3,endpoints,1.9840554369208023,106.00530088830135,10.0,116.00530088830135,122.0,5.994699111698651,-10.700857880317415,True,True
374,847.879696767171,848.1699389051829,return_cruise,3,endpoints,1.9671268496842416,105.93087215810561,10.0,115.93087215810561,122.0,6.069127841894385,-10.295067066927146,True,True
375,848.1699389051829,848.4601810431948,return_cruise,3,endpoints,1.9627820861976744,105.91166654691261,10.0,115.91166654691261,122.0,6.088333453087387,-10.189784167849098,True,True
376,848.4601810431948,849.300790268778,return_cruise,3,endpoints,1.9584373621032152,105.89241855024571,10.0,115.89241855024571,122.0,6.107581449754292,-10.084032216365927,True,True
377,849.300790268778,850.1413994943612,return_cruise,3,endpoints,1.945854247975863,105.83643097044886,10.0,115.83643097044886,122.0,6.163569029551141,-9.77507424956184,True,True
378,850.1413994943612,851.2722508579707,return_cruise,3,endpoints,1.9332714729670537,105.78008168648859,10.0,115.78008168648859,122.0,6.219918313511414,-9.462077626681292,True,True
379,851.2722508579707,852.4031022215803,return_cruise,3,endpoints,1.9163447152463,105.70369750177191,10.0,115.70369750177191,122.0,6.296302498228087,-9.034499198338125,True,True
380,852.4031022215803,852.7228300562836,return_cruise,3,endpoints,1.899418600067884,105.62663856463092,10.0,115.62663856463092,122.0,6.373361435369077,-8.599267099453698,True,True
381,852.7228300562836,853.0425578909867,return_cruise,3,endpoints,1.8946331650548933,105.60472753915832,10.0,115.60472753915832,122.0,6.3952724608416815,-8.47479676763811,True,True
382,853.0425578909867,853.8536814198931,return_cruise,3,endpoints,1.8898477831896339,105.58276134539015,10.0,115.58276134539015,122.0,6.4172386546098465,-8.349693298019304,True,True
383,853.8536814198931,854.6648049487994,return_cruise,3,endpoints,1.8777078995457732,105.52678550143834,10.0,115.52678550143834,122.0,6.47321449856166,-8.029442441350227,True,True
384,854.6648049487994,855.7956563123945,return_cruise,3,endpoints,1.8655683672879546,105.47044821848678,10.0,115.47044821848678,122.0,6.52955178151322,-7.705004901887577,True,True
385,855.7956563123945,856.9265076759896,return_cruise,3,endpoints,1.8486442862653416,105.39129189057944,10.0,115.39129189057944,122.0,6.6087081094205615,-7.245537064790085,True,True
386,856.9265076759896,857.2757212071497,return_cruise,3,endpoints,1.8317209209976577,105.31141094899755,10.0,115.31141094899755,122.0,6.688589051002452,-6.777539365756212,True,True
387,857.2757212071497,857.6249347383098,return_cruise,3,endpoints,1.8264950343191293,105.28659475094793,10.0,115.28659475094793,122.0,6.713405249052073,-6.631258140525119,True,True
388,857.6249347383098,858.4065725707737,return_cruise,3,endpoints,1.8212692184045243,105.26170778555694,10.0,115.26170778555694,122.0,6.738292214443064,-6.484133468033519,True,True
389,858.4065725707737,859.1882104032377,return_cruise,3,endpoints,1.8095726362065465,105.20574524153663,10.0,115.20574524153663,122.0,6.794254758463367,-6.151732863514724,True,True
390,859.1882104032377,860.3190617668328,return_cruise,3,endpoints,1.7978764185739746,105.14942155685996,10.0,115.14942155685996,122.0,6.850578443140037,-5.814986285814484,True,True
391,860.3190617668328,861.4499131304278,return_cruise,3,endpoints,1.780955323762443,105.06728533594163,10.0,115.06728533594163,122.0,6.932714664058366,-5.319923747934695,True,True
392,861.4499131304278,861.8286123580303,return_cruise,3,endpoints,1.7640350294611267,104.9843689325815,10.0,114.9843689325815,122.0,7.0156310674184965,-4.81531614301889,True,True
393,861.8286123580303,862.2073115856329,return_cruise,3,endpoints,1.7583689483958753,104.95642495024947,10.0,114.95642495024947,122.0,7.04357504975053,-4.644151657124837,True,True
394,862.2073115856329,862.9594637216254,return_cruise,3,endpoints,1.7527029605995001,104.92839123935633,10.0,114.92839123935633,122.0,7.07160876064367,-4.4718748386446805,True,True
395,862.9594637216254,863.7116158576181,return_cruise,3,endpoints,1.7414497590861977,104.87244382537565,10.0,114.87244382537565,122.0,7.127556174624345,-4.1263662613228576,True,True
396,863.7116158576181,864.8424672212421,return_cruise,3,endpoints,1.7301969363404448,104.81613560776994,10.0,114.81613560776994,122.0,7.183864392230063,-3.7763398203230736,True,True
397,864.8424672212421,865.9733185848662,return_cruise,3,endpoints,1.7132791868052673,104.73078761495907,10.0,114.73078761495907,122.0,7.26921238504093,-3.2413802032907313,True,True
398,865.9733185848662,866.3815035091455,return_cruise,3,endpoints,1.6963623364486038,104.64459726332058,10.0,114.64459726332058,122.0,7.355402736679423,-2.6956926000024737,True,True
399,866.3815035091455,866.7896884334249,return_cruise,3,endpoints,1.6902563636871044,104.61327642817297,10.0,114.61327642817297,122.0,7.386723571827034,-2.4960270494867984,True,True
400,866.7896884334249,867.5123548727407,return_cruise,3,endpoints,1.6841505129193624,104.58184287215222,10.0,114.58184287215222,122.0,7.418157127847778,-2.294905681747025,True,True
401,867.5123548727407,868.2350213120566,return_cruise,3,endpoints,1.673340780936628,104.52591274145419,10.0,114.52591274145419,122.0,7.474087258545808,-1.9352128943096147,True,True
402,868.2350213120566,869.3658726756661,return_cruise,3,endpoints,1.6625314430645226,104.46962218946769,10.0,114.46962218946769,122.0,7.530377810532315,-1.5708161960965583,True,True
403,869.3658726756661,870.4967240392757,return_cruise,3,endpoints,1.6456174577490277,104.38080255385576,10.0,114.38080255385576,122.0,7.619197446144241,-0.9909347325073554,True,True
404,870.4967240392757,870.9343946600119,return_cruise,3,endpoints,1.6287044871562522,104.29107069179993,10.0,114.29107069179993,122.0,7.708929308200069,-0.3989385343296874,True,True
405,870.9343946600119,871.3720652807481,return_cruise,3,endpoints,1.6221589809022168,104.256093140552,10.0,114.256093140552,122.0,7.743906859448003,-0.16648659048371428,True,True
406,871.3720652807481,872.0652460236215,return_cruise,3,endpoints,1.6156136333190623,104.22097502018342,10.0,114.22097502018342,122.0,7.779024979816583,0.06786020657642666,True,True
407,872.0652460236215,872.758426766495,return_cruise,3,endpoints,1.6052474709237785,104.16506472134662,10.0,114.16506472134662,122.0,7.834935278653376,0.44295166218310555,True,True
408,872.758426766495,873.88927813009,return_cruise,3,endpoints,1.5948817192638383,104.10879443694498,10.0,114.10879443694498,122.0,7.891205563055024,0.8229490562881097,True,True
409,873.88927813009,875.0201294936851,return_cruise,3,endpoints,1.5779719899812517,104.01621063293533,10.0,114.01621063293533,122.0,7.983789367064674,1.4536577578983838,True,True
410,875.0201294936851,875.4872858108781,return_cruise,3,endpoints,1.561063411605745,103.92263573021617,10.0,113.92263573021617,122.0,8.077364269783828,2.098117635801316,True,True
411,875.4872858108781,875.9544421280712,return_cruise,3,endpoints,1.5540787984156976,103.88368554630367,10.0,113.88368554630367,122.0,8.116314453696333,2.368464648817991,True,True
412,875.9544421280712,876.6181371745022,return_cruise,3,endpoints,1.5470943908100745,103.84456106500542,10.0,113.84456106500542,122.0,8.155438934994578,2.641268737907467,True,True
413,876.6181371745022,877.2818322209332,return_cruise,3,endpoints,1.5371719112364883,103.78867363414741,10.0,113.78867363414741,122.0,8.211326365852585,3.0331362673659044,True,True
414,877.2818322209332,878.4126835845283,return_cruise,3,endpoints,1.5272498604724698,103.73242671678169,10.0,113.73242671678169,122.0,8.267573283218312,3.4301298949227146,True,True
415,878.4126835845283,879.5435349481234,return_cruise,3,endpoints,1.5103449684388166,103.63574789636866,10.0,113.63574789636866,122.0,8.364252103631344,4.118653576146357,True,True
416,879.5435349481234,880.0401769619932,return_cruise,3,endpoints,1.4934413889507911,103.53798849650701,10.0,113.53798849650701,122.0,8.462011503492988,4.822873396075238,True,True
417,880.0401769619932,880.5368189758631,return_cruise,3,endpoints,1.4860181802591448,103.49470728837504,10.0,113.49470728837504,122.0,8.50529271162496,5.137248343721751,True,True
418,880.5368189758631,881.1710283255883,return_cruise,3,endpoints,1.47859523733522,103.45121089361325,10.0,113.45121089361325,122.0,8.54878910638675,5.454802578759029,True,True
419,881.1710283255883,881.8052376753135,return_cruise,3,endpoints,1.4691165694039583,103.39534997318722,10.0,113.39534997318722,122.0,8.604650026812777,5.865017050619656,True,True
420,881.8052376753135,882.9360890389376,return_cruise,3,endpoints,1.4596383500019858,103.33913014095697,10.0,113.33913014095697,122.0,8.660869859043032,6.280598467670302,True,True
421,882.9360890389376,884.0669404025616,return_cruise,3,endpoints,1.4427389870744416,103.23798019170016,10.0,113.23798019170016,122.0,8.76201980829984,7.035267049960851,True,True
422,884.0669404025616,884.5930681128739,return_cruise,3,endpoints,1.4258411300040459,103.13564759972023,10.0,113.13564759972023,122.0,8.86435240027977,7.8079615288615685,True,True
423,884.5930681128739,885.1191958231861,return_cruise,3,endpoints,1.417979943607467,103.08762659585283,10.0,113.08762659585283,122.0,8.912373404147175,8.173783120205542,True,True
424,885.1191958231861,885.723919476469,return_cruise,3,endpoints,1.4101191005006894,103.03934073990443,10.0,113.03934073990443,122.0,8.960659260095568,8.543715724716776,True,True
425,885.723919476469,886.3286431297518,return_cruise,3,endpoints,1.4010843915803517,102.98351073329306,10.0,112.98351073329306,122.0,9.016489266706941,8.974079480389747,True,True
426,886.3286431297518,887.4594944933468,return_cruise,3,endpoints,1.392050152789893,102.92732248063582,10.0,112.92732248063582,122.0,9.072677519364177,9.410074775310875,True,True
427,887.4594944933468,888.5903458569419,return_cruise,3,endpoints,1.3751571490423333,102.82127145300683,10.0,112.82127145300683,122.0,9.17872854699317,10.240898799028628,True,True
428,888.5903458569419,889.1459592637254,return_cruise,3,endpoints,1.3582658842811413,102.71392068633826,10.0,112.71392068633826,122.0,9.286079313661745,11.092563343285576,True,True
429,889.1459592637254,889.701572670509,return_cruise,3,endpoints,1.349967472536823,102.66069092016252,10.0,112.66069092016252,122.0,9.339309079837477,11.518881012963561,True,True
430,889.701572670509,890.2768106273494,return_cruise,3,endpoints,1.3416695044707563,102.60713580571318,10.0,112.60713580571318,122.0,9.392864194286815,11.950518365292794,True,True
431,890.2768106273494,890.8520485841898,return_cruise,3,endpoints,1.333078924217011,102.55134208113286,10.0,112.55134208113286,122.0,9.448657918867141,12.403113044608688,True,True
432,890.8520485841898,891.9828999477849,return_cruise,3,endpoints,1.3244888378456312,102.49519088670874,10.0,112.49519088670874,122.0,9.504809113291259,12.861631298220487,True,True
433,891.9828999477849,893.1137513113799,return_cruise,3,endpoints,1.3076031978044504,102.38374431417189,10.0,112.38374431417189,122.0,9.616255685828108,13.780748184562754,True,True
434,893.1137513113799,893.6988504148403,return_cruise,3,endpoints,1.2907195804670557,102.27086280296594,10.0,112.27086280296594,122.0,9.729137197034063,14.724138079433402,True,True
435,893.6988504148403,894.2839495183007,return_cruise,3,endpoints,1.2819848678349492,102.21188281285585,10.0,112.21188281285585,122.0,9.788117187144152,15.222092420534636,True,True
436,894.2839495183007,894.8297017784498,return_cruise,3,endpoints,1.2732507297252322,102.15250350925339,10.0,112.15250350925339,122.0,9.847496490746607,15.726945050765892,True,True
437,894.8297017784498,895.375454038599,return_cruise,3,endpoints,1.2651044747636282,102.09675267158036,10.0,112.09675267158036,122.0,9.903247328419639,16.204192442531166,True,True
438,895.375454038599,896.5063054022086,return_cruise,3,endpoints,1.2569587399271829,102.04064527552417,10.0,112.04064527552417,122.0,9.95935472447583,16.542459370224776,True,True
439,896.5063054022086,897.6371567658182,return_cruise,3,endpoints,1.2400816908014085,101.92323074224602,10.0,111.92323074224602,122.0,10.07676925775398,16.723193352081125,True,True
440,897.6371567658182,898.251741565721,return_cruise,3,endpoints,1.2232070131447303,101.80422408220826,10.0,111.80422408220826,122.0,10.195775917791735,16.908966507245395,True,True
441,898.251741565721,898.8663263656238,return_cruise,3,endpoints,1.214037146813583,101.73886434182324,10.0,111.73886434182324,122.0,10.261135658176755,17.012117831609515,True,True
442,898.8663263656238,899.382592929316,return_cruise,3,endpoints,1.2048680268770857,101.6730144307422,10.0,111.6730144307422,122.0,10.3269855692578,17.11685624673845,True,True
443,899.382592929316,899.8988594930083,return_cruise,3,endpoints,1.1971663267810109,101.61731468922797,10.0,111.61731468922797,122.0,10.382685310772032,17.206092657684735,True,True
444,899.8988594930083,901.0297108566324,return_cruise,3,endpoints,1.1894651759456034,101.56125946802734,10.0,111.56125946802734,122.0,10.438740531972655,17.29649752078302,True,True
445,901.0297108566324,902.1605622202565,return_cruise,3,endpoints,1.1725982327382072,101.43720954042442,10.0,111.43720954042442,122.0,10.56279045957558,17.49872051320125,True,True
446,902.1605622202565,902.8046327166016,return_cruise,3,endpoints,1.1557340945130778,101.31138333998226,10.0,111.31138333998226,122.0,10.688616660017743,17.706914809779505,True,True
447,902.8046327166016,903.4487032129468,return_cruise,3,endpoints,1.146130513664176,101.23890633409854,10.0,111.23890633409854,122.0,10.761093665901456,17.828261848855107,True,True
448,903.4487032129468,903.9354840801967,return_cruise,3,endpoints,1.136527907068365,101.16582691722923,10.0,111.16582691722923,122.0,10.834173082770775,17.95168457400939,True,True
449,903.9354840801967,904.4222649474466,return_cruise,3,endpoints,1.1292710320871082,101.1101885905955,10.0,111.1101885905955,122.0,10.889811409404501,18.04637590390422,True,True
450,904.4222649474466,905.5531163110417,return_cruise,3,endpoints,1.122014738898036,101.05419607210099,10.0,111.05419607210099,122.0,10.945803927899007,18.14230744024428,True,True
451,905.5531163110417,906.6839676746367,return_cruise,3,endpoints,1.1051597936908064,100.9227263675211,10.0,110.9227263675211,122.0,11.077273632478907,18.37009293828214,True,True
452,906.6839676746367,907.3575238676877,return_cruise,3,endpoints,1.0883081990134724,100.78926285501687,10.0,110.78926285501687,122.0,11.210737144983128,18.60502671121145,True,True
453,907.3575238676877,908.0310800607388,return_cruise,3,endpoints,1.0782727312124185,100.70879728092926,10.0,110.70879728092926,122.0,11.29120271907074,18.74849409131687,True,True
454,908.0310800607388,908.4883752313118,return_cruise,3,endpoints,1.0682385430174115,100.62758970734,10.0,110.62758970734,122.0,11.372410292660007,18.89469416587167,True,True
455,908.4883752313118,908.9456704018849,return_cruise,3,endpoints,1.0614268141800058,100.57202592921794,10.0,110.57202592921794,122.0,11.427974070782057,18.930560497072918,True,True
456,908.9456704018849,910.0765217654799,return_cruise,3,endpoints,1.0546157036695556,100.51610951163879,10.0,110.51610951163879,122.0,11.483890488361212,18.95379548979048,True,True
457,910.0765217654799,911.207373129075,return_cruise,3,endpoints,1.0377751501972277,100.37629017795625,10.0,110.37629017795625,122.0,11.62370982204375,18.974459838867176,True,True
458,911.207373129075,911.9104150185683,return_cruise,3,endpoints,1.0209386433414835,100.23421768461046,10.0,110.23421768461046,122.0,11.765782315389544,18.974459838867176,True,True
459,911.9104150185683,912.6134569080617,return_cruise,3,endpoints,1.010473641138105,100.14472461713532,10.0,110.14472461713532,122.0,11.855275382864676,18.974459838867176,True,True
460,912.6134569080617,913.0412663821779,return_cruise,3,endpoints,1.0000103329243304,100.0543145844088,10.0,110.0543145844088,122.0,11.9456854155912,18.974459838867176,True,True
461,913.0412663821779,913.4690758562941,return_cruise,3,endpoints,0.9936441354154412,99.99884230693861,10.0,109.99884230693861,122.0,12.001157693061387,18.974459838867176,True,True
462,913.4690758562941,914.5999272199037,return_cruise,3,endpoints,0.9872785975387842,99.94301928176385,10.0,109.94301928176385,122.0,12.056980718236147,18.974459838867176,True,True
463,914.5999272199037,915.7307785835134,return_cruise,3,endpoints,0.9704555083827499,99.79373742353096,10.0,109.79373742353096,122.0,12.206262576469044,18.974459838867176,True,True
464,915.7307785835134,916.4633061694492,return_cruise,3,endpoints,0.9536373679243672,99.64189004216774,10.0,109.64189004216774,122.0,12.358109957832255,18.974459838867176,True,True
465,916.4633061694492,917.1958337553849,return_cruise,3,endpoints,0.9427459063910183,99.54211793983403,10.0,109.54211793983403,122.0,12.457882060165971,18.974459838867176,True,True
466,917.1958337553849,917.5941575330443,return_cruise,3,endpoints,0.9318567094932292,99.44120756498786,10.0,109.44120756498786,122.0,12.558792435012137,18.974459838867176,True,True
467,917.5941575330443,917.9924813107036,return_cruise,3,endpoints,0.9259365107023485,99.38584901718143,10.0,109.38584901718143,122.0,12.614150982818572,18.974459838867176,True,True
468,917.9924813107036,919.1233326743277,return_cruise,3,endpoints,0.9200170185914276,99.33014205531683,10.0,109.33014205531683,122.0,12.669857944683173,18.974459838867176,True,True
469,919.1233326743277,920.2541840379517,return_cruise,3,endpoints,0.9032154027356316,99.17005153626506,10.0,109.17005153626506,122.0,12.829948463734937,18.974459838867176,True,True
470,920.2541840379517,921.0161973205644,return_cruise,3,endpoints,0.8864199253981778,99.00701502996115,10.0,109.00701502996115,122.0,12.992984970038847,18.974459838867176,True,True
471,921.0161973205644,921.7782106031771,return_cruise,3,endpoints,0.8751060944922756,98.89543900232155,10.0,108.89543900232155,122.0,13.104560997678448,18.974459838867176,True,True
472,921.7782106031771,922.1470486841596,return_cruise,3,endpoints,0.8637953276091924,98.78244184538616,10.0,108.78244184538616,122.0,13.21755815461384,18.974459838867176,True,True
473,922.1470486841596,922.5158867651421,return_cruise,3,endpoints,0.858321701855733,98.72722670204485,10.0,108.72722670204485,122.0,13.272773297955155,18.974459838867176,True,True
474,922.5158867651421,923.6467381287372,return_cruise,3,endpoints,0.8528488368071896,98.67166606348717,10.0,108.67166606348717,122.0,13.328333936512834,18.974459838867176,True,True
475,923.6467381287372,924.7775894923323,return_cruise,3,endpoints,0.8360740232397516,98.49911943711247,10.0,108.49911943711247,122.0,13.50088056288753,18.974459838867176,True,True
476,924.7775894923323,925.5690884714162,return_cruise,3,endpoints,0.819306949436021,98.32315760623796,10.0,108.32315760623796,122.0,13.676842393762044,18.974459838867176,True,True
477,925.5690884714162,926.3605874505001,return_cruise,3,endpoints,0.8075762980965864,98.19789611750176,10.0,108.19789611750176,122.0,13.802103882498244,18.974459838867176,True,True
478,926.3605874505001,926.6999398350403,return_cruise,3,endpoints,0.7958498532305558,98.07084764465907,10.0,108.07084764465907,122.0,13.929152355340932,18.974459838867176,True,True
479,926.6999398350403,927.0392922195804,return_cruise,3,endpoints,0.7908235162999746,98.01581633860408,10.0,108.01581633860408,122.0,13.984183661395917,18.974459838867176,True,True
480,927.0392922195804,928.1701435831754,return_cruise,3,endpoints,0.7857980026666481,97.9604432460702,10.0,107.9604432460702,122.0,14.039556753929801,18.974459838867176,True,True
481,928.1701435831754,929.3009949467705,return_cruise,3,endpoints,0.7690572277412361,97.77339799612525,10.0,107.77339799612525,122.0,14.226602003874746,18.974459838867176,True,True
482,929.3009949467705,930.1219796222969,return_cruise,3,endpoints,0.7523263980820689,97.58235085169352,10.0,107.58235085169352,122.0,14.41764914830648,18.974459838867176,True,True
483,930.1219796222969,930.9429642978232,return_cruise,3,endpoints,0.7401866291025653,97.44104954697079,10.0,107.44104954697079,122.0,14.558950453029212,18.974459838867176,True,True
484,930.9429642978232,931.2528309859065,return_cruise,3,endpoints,0.7280527382566648,97.2974816266545,10.0,107.2974816266545,122.0,14.702518373345498,18.974459838867176,True,True
485,931.2528309859065,931.5626976739898,return_cruise,3,endpoints,0.7234745966602084,97.24269056132955,10.0,107.24269056132955,122.0,14.757309438670447,18.974459838867176,True,True
486,931.5626976739898,932.6935490375993,return_cruise,3,endpoints,0.7188973516130431,97.1875625080775,10.0,107.1875625080775,122.0,14.812437491922495,18.974459838867176,True,True
487,932.6935490375993,933.8244004012089,return_cruise,3,endpoints,0.7022006873775902,96.98344983935787,10.0,106.98344983935787,122.0,15.016550160642126,18.974459838867176,True,True
488,933.8244004012089,934.6748707734121,return_cruise,3,endpoints,0.6855170892941354,96.77459055047383,10.0,106.77459055047383,122.0,15.225409449526168,18.974459838867176,True,True
489,934.6748707734121,935.5253411456152,return_cruise,3,endpoints,0.6729791843564231,96.61425746317082,10.0,106.61425746317082,122.0,15.385742536829184,18.974459838867176,True,True
490,935.5253411456152,935.8057221370073,return_cruise,3,endpoints,0.6604496728559782,96.45101942210977,10.0,106.45101942210977,122.0,15.548980577890234,18.974459838867176,True,True
491,935.8057221370073,936.0861031283991,return_cruise,3,endpoints,0.6563208956854393,96.39654946169631,10.0,106.39654946169631,122.0,15.60345053830369,18.974459838867176,True,True
492,936.0861031283991,937.2169544920088,return_cruise,3,endpoints,0.6521931017135455,96.34174885292909,10.0,106.34174885292909,122.0,15.658251147070914,18.974459838867176,True,True
493,937.2169544920088,938.3478058556183,return_cruise,3,endpoints,0.6355549777739976,96.11728732498754,10.0,106.11728732498754,122.0,15.882712675012456,18.974459838867176,True,True
494,938.3478058556183,939.2277619242783,return_cruise,3,endpoints,0.618934478588333,95.8871183608814,10.0,105.8871183608814,122.0,16.112881639118598,18.974459838867176,True,True
495,939.2277619242783,940.1077179929383,return_cruise,3,endpoints,0.606014593291676,95.70388648289571,10.0,105.70388648289571,122.0,16.29611351710429,18.974459838867176,True,True
496,940.1077179929383,940.3586132878878,return_cruise,3,endpoints,0.5931070147842606,95.51688604509879,10.0,105.51688604509879,122.0,16.483113954901214,18.974459838867176,True,True
497,940.3586132878878,940.6095085828374,return_cruise,3,endpoints,0.5894291409839948,95.46285689972214,10.0,105.46285689972214,122.0,16.53714310027786,18.974459838867176,True,True
498,940.6095085828374,941.7403599464325,return_cruise,3,endpoints,0.5857523540703077,95.4085056872584,10.0,105.4085056872584,122.0,16.591494312741602,18.974459838867176,True,True
499,941.7403599464325,942.8712113100275,return_cruise,3,endpoints,0.5691941608968192,95.15943355835554,10.0,105.15943355835554,122.0,16.840566441644455,18.974459838867176,True,True
500,942.8712113100275,943.7806530752616,return_cruise,3,endpoints,0.5526605074219029,94.90339346288442,10.0,104.90339346288442,122.0,17.096606537115576,18.974459838867176,True,True
501,943.7806530752616,944.6900948404957,return_cruise,3,endpoints,0.5393833145440826,94.69217498863804,10.0,104.69217498863804,122.0,17.307825011361956,18.974459838867176,True,True
502,944.6900948404957,944.9115044388857,return_cruise,3,endpoints,0.5261247679979045,94.47599977918968,10.0,104.47599977918968,122.0,17.524000220810322,18.974459838867176,True,True
503,944.9115044388857,945.1329140372756,return_cruise,3,endpoints,0.5228998703317805,94.42259551690672,10.0,104.42259551690672,122.0,17.577404483093275,18.974459838867176,True,True
504,945.1329140372756,946.2637654008706,return_cruise,3,endpoints,0.5196761850234598,94.36888113528889,10.0,104.36888113528889,122.0,17.631118864711112,18.974459838867176,True,True
505,946.2637654008706,947.3946167644657,return_cruise,3,endpoints,0.503230955360831,94.08957179652572,10.0,104.08957179652572,122.0,17.910428203474282,18.974459838867176,True,True
506,947.3946167644657,948.3335442262594,return_cruise,3,endpoints,0.4868212431161721,93.8016152544329,10.0,103.8016152544329,122.0,18.198384745567097,18.974459838867176,True,True
507,948.3335442262594,949.2724716880531,return_cruise,3,endpoints,0.47322616237933846,93.55559976733537,10.0,103.55559976733537,122.0,18.444400232664634,18.974459838867176,True,True
508,949.2724716880531,949.4643955898545,return_cruise,3,endpoints,0.45966051812399145,93.30296887933781,10.0,103.30296887933781,122.0,18.69703112066219,18.974459838867176,True,True
509,949.4643955898545,949.6563194916558,return_cruise,3,endpoints,0.4568914581939804,93.25048560997101,10.0,103.25048560997101,122.0,18.749514390028992,18.974459838867176,True,True
510,949.6563194916558,950.7871708552799,return_cruise,3,endpoints,0.4541237638247287,93.1977094077244,10.0,103.1977094077244,122.0,18.802290592275597,18.974459838867176,True,True
511,950.7871708552799,951.918022218904,return_cruise,3,endpoints,0.43784510351868994,92.88063478016464,10.0,102.88063478016464,122.0,19.11936521983536,18.974459838867176,True,True
512,951.918022218904,952.8864353771401,return_cruise,3,endpoints,0.4216203833338303,92.5526568097933,10.0,102.5526568097933,122.0,19.447343190206695,18.974459838867176,True,True
513,952.8864353771401,953.8548485353762,return_cruise,3,endpoints,0.40777396868604,92.26261479437164,10.0,102.26261479437164,122.0,19.737385205628357,18.974459838867176,True,True
514,953.8548485353762,954.0172867407351,return_cruise,3,endpoints,0.39397651231297154,91.96363145973208,10.0,101.96363145973208,122.0,20.036368540267915,18.974459838867176,True,True
515,954.0172867407351,954.1797249460941,return_cruise,3,endpoints,0.39166733687197297,91.91257193494974,10.0,101.91257193494974,122.0,20.08742806505026,18.974459838867176,True,True
516,954.1797249460941,955.3105763097037,return_cruise,3,endpoints,0.38935971423185783,91.86124512398874,10.0,101.86124512398874,122.0,20.138754876011262,18.974459838867176,True,True
517,955.3105763097037,956.4414276733132,return_cruise,3,endpoints,0.37334007757396537,91.49631710181583,10.0,101.49631710181583,122.0,20.503682898184167,18.974459838867176,True,True
518,956.4414276733132,957.4393265281234,return_cruise,3,endpoints,0.3574074861323724,91.11749773114062,10.0,101.11749773114062,122.0,20.882502268859383,18.974459838867176,True,True
519,957.4393265281234,958.4372253829335,return_cruise,3,endpoints,0.34343003121329035,90.77099022090799,10.0,100.77099022090799,122.0,21.22900977909201,18.974459838867176,True,True
520,958.4372253829335,958.5701778917329,return_cruise,3,endpoints,0.3295396372075578,90.41237801921879,10.0,100.41237801921879,122.0,21.587621980781208,18.974459838867176,True,True
521,958.5701778917329,958.7031304005322,return_cruise,3,endpoints,0.3276961534678887,90.3636517065867,10.0,100.3636517065867,122.0,21.636348293413306,18.974459838867176,True,True
522,958.7031304005322,959.8339817641273,return_cruise,3,endpoints,0.325854445835451,90.31469784868294,10.0,100.31469784868294,122.0,21.68530215131706,18.974459838867176,True,True
523,959.8339817641273,960.9648331277224,return_cruise,3,endpoints,0.3102657425165263,89.88890136058754,10.0,99.88890136058754,122.0,22.11109863941246,18.974459838867176,True,True
524,960.9648331277224,961.9922176791066,return_cruise,3,endpoints,0.29482878633308857,89.44562252755688,10.0,99.44562252755688,122.0,22.55437747244312,18.974459838867176,True,True
525,961.9922176791066,963.0196022304908,return_cruise,3,endpoints,0.2809568136998274,89.02701621359644,10.0,99.02701621359644,122.0,22.97298378640356,18.974459838867176,True,True
526,963.0196022304908,963.1230690427305,return_cruise,3,endpoints,0.26725349882845084,88.59269282649333,10.0,98.59269282649333,122.0,23.407307173506666,18.974459838867176,True,True
527,963.1230690427305,963.2265358549703,return_cruise,3,endpoints,0.265883815318279,88.54806287594522,10.0,98.54806287594522,122.0,23.45193712405478,18.974459838867176,True,True
528,963.2265358549703,964.3573872185653,return_cruise,3,endpoints,0.26451614559817765,88.50326854919442,10.0,98.50326854919442,122.0,23.496731450805584,18.974459838867176,True,True
529,964.3573872185653,965.4882385821604,return_cruise,3,endpoints,0.24970860426198466,88.00289497794473,10.0,98.00289497794473,122.0,23.997105022055266,18.974459838867176,True,True
530,965.4882385821604,966.545108829987,return_cruise,3,endpoints,0.2351923765037557,87.4826896435378,10.0,97.4826896435378,122.0,24.517310356462204,18.974459838867176,True,True
531,966.545108829987,967.6019790778137,return_cruise,3,endpoints,0.2219397305929469,86.97892592463644,10.0,96.97892592463644,122.0,25.021074075363558,18.974459838867176,True,True
532,967.6019790778137,967.6759601935821,return_cruise,3,endpoints,0.2090494503457823,86.4592054341605,10.0,96.4592054341605,122.0,25.540794565839505,18.974459838867176,True,True
533,967.6759601935821,967.7499413093506,return_cruise,3,endpoints,0.20816244984155835,86.42227264248794,10.0,96.42227264248794,122.0,25.57772735751206,18.974459838867176,True,True
534,967.7499413093506,968.8807926729746,return_cruise,3,endpoints,0.20727759478794022,86.38527204486566,10.0,96.38527204486566,122.0,25.61472795513434,18.974459838867176,True,True
535,968.8807926729746,970.0116440365987,return_cruise,3,endpoints,0.19403989721985138,85.81204555252278,10.0,95.81204555252278,122.0,26.187954447477225,18.974459838867176,True,True
536,970.0116440365987,971.0979999809849,return_cruise,3,endpoints,0.18142335375593246,85.22808865348911,10.0,95.22808865348911,122.0,26.77191134651089,18.974459838867176,True,True
537,971.0979999809849,972.1843559253712,return_cruise,3,endpoints,0.17001683707932064,84.6640634839806,10.0,94.6640634839806,122.0,27.3359365160194,18.974459838867176,True,True
538,972.1843559253712,972.22885134458,return_cruise,3,endpoints,0.15946188462994587,84.1073626857879,10.0,94.1073626857879,122.0,27.892637314212095,18.974459838867176,True,True
539,972.22885134458,972.2733467637888,return_cruise,3,endpoints,0.1590502305055795,84.08491089124546,10.0,94.08491089124546,122.0,27.915089108754543,18.974459838867176,True,True
540,972.2733467637888,973.4041981273984,return_cruise,3,endpoints,0.1586403162093018,84.06249617131598,10.0,94.06249617131598,122.0,27.937503828684015,18.974459838867176,True,True
541,973.4041981273984,974.535049491008,return_cruise,3,endpoints,0.14884930295697313,83.50916093902651,10.0,93.50916093902651,122.0,28.490839060973485,18.974459838867176,True,True
542,974.535049491008,975.6508911319683,return_cruise,3,endpoints,0.14043130426515235,83.00350342233111,10.0,93.00350342233111,122.0,28.996496577668893,18.974459838867176,True,True
543,975.6508911319683,976.7667327729285,return_cruise,3,endpoints,0.13372424533329405,82.57842794728779,10.0,92.57842794728779,122.0,29.421572052712207,18.974459838867176,True,True
544,976.7667327729285,976.7817424955778,return_cruise,3,endpoints,0.12885531621792048,82.25627165541324,10.0,92.25627165541324,122.0,29.743728344586756,18.974459838867176,True,True
545,976.7817424955778,976.796752218227,return_cruise,3,endpoints,0.12880339338783503,82.25277093169532,10.0,92.25277093169532,122.0,29.747229068304677,18.974459838867176,True,True
546,976.796752218227,977.775843328838,return_cruise,3,endpoints,0.12875184332735393,82.24929394440619,10.0,92.24929394440619,122.0,29.75070605559381,18.974459838867176,True,True
547,977.775843328838,978.7549344394491,return_cruise,3,endpoints,0.12621398125105732,82.07637415804618,10.0,92.07637415804618,122.0,29.92362584195382,18.974459838867176,True,True
548,978.7549344394491,1051.43323949316,return_descent,3,endpoints+quadratic_stationary,0.12535661010742188,82.01716962285145,10.0,92.01716962285145,122.0,29.982830377148545,-1.0255401611328239,True,True
