skeleton_id,service_sequence,edge_count,communication_margin,drone_type
SK-00001,S001,2,inf,C
SK-00002,S004,2,4.185182638468788,C
SK-00003,S005,2,7.477418817803681,C
SK-00004,S006,2,inf,C
SK-00005,S007,2,8.836081683362565,C
SK-00006,S008,2,3.7863702057398423,C
SK-00007,S009,2,1.33855101331298,C
SK-00008,S010,2,2.918482904678413,C
SK-00009,S011,2,inf,C
SK-00010,S013,2,8.253309043575541,C
SK-00011,S014,2,1.7176137743184654,C
SK-00012,S015,2,0.8907832725306122,C
SK-00013,S001>S004,3,4.185182638468788,C
SK-00014,S001>S005,3,7.477418817803681,C
SK-00015,S001>S006,3,inf,C
SK-00016,S001>S007,3,7.678828284435028,C
SK-00017,S001>S008,3,3.7863702057398423,C
SK-00018,S001>S009,3,1.33855101331298,C
SK-00019,S001>S010,3,2.918482904678413,C
SK-00020,S001>S011,3,inf,C
SK-00021,S001>S013,3,8.253309043575541,C
SK-00022,S001>S014,3,1.7176137743184654,C
SK-00023,S001>S015,3,0.8907832725306122,C
SK-00024,S004>S001,3,4.185182638468788,C
SK-00025,S004>S005,3,4.185182638468788,C
SK-00026,S004>S006,3,3.144375740555972,C
SK-00027,S004>S007,3,4.185182638468788,C
SK-00028,S004>S008,3,3.7863702057398423,C
SK-00029,S004>S009,3,1.33855101331298,C
SK-00030,S004>S010,3,2.918482904678413,C
SK-00031,S004>S011,3,4.185182638468788,C
SK-00032,S004>S013,3,4.185182638468788,C
SK-00033,S004>S014,3,1.7176137743184654,C
SK-00034,S005>S001,3,7.477418817803681,C
SK-00035,S005>S004,3,4.185182638468788,C
SK-00036,S005>S006,3,6.222112461609839,C
SK-00037,S005>S007,3,7.477418817803681,C
SK-00038,S005>S008,3,3.7863702057398423,C
SK-00039,S005>S009,3,1.33855101331298,C
SK-00040,S005>S010,3,2.918482904678413,C
SK-00041,S005>S011,3,7.477418817803681,C
SK-00042,S005>S013,3,7.477418817803681,C
SK-00043,S005>S014,3,1.7176137743184654,C
SK-00044,S005>S015,3,0.8907832725306122,C
SK-00045,S006>S001,3,inf,C
SK-00046,S006>S004,3,3.144375740555972,C
SK-00047,S006>S005,3,6.222112461609839,C
SK-00048,S006>S007,3,8.836081683362565,C
SK-00049,S006>S008,3,3.7863702057398423,C
SK-00050,S006>S009,3,1.33855101331298,C
SK-00051,S006>S010,3,2.918482904678413,C
SK-00052,S006>S011,3,inf,C
SK-00053,S006>S013,3,4.151652073208851,C
SK-00054,S006>S014,3,1.7176137743184654,C
SK-00055,S006>S015,3,0.8907832725306122,C
SK-00056,S007>S001,3,7.678828284435028,C
SK-00057,S007>S004,3,4.185182638468788,C
SK-00058,S007>S005,3,7.477418817803681,C
SK-00059,S007>S006,3,8.836081683362565,C
SK-00060,S007>S008,3,3.7863702057398423,C
SK-00061,S007>S009,3,1.33855101331298,C
SK-00062,S007>S010,3,2.918482904678413,C
SK-00063,S007>S011,3,8.836081683362565,C
SK-00064,S007>S013,3,3.857793506246296,C
SK-00065,S007>S014,3,1.7176137743184654,C
SK-00066,S007>S015,3,0.8907832725306122,C
SK-00067,S008>S001,3,3.7863702057398423,C
SK-00068,S008>S004,3,3.7863702057398423,C
SK-00069,S008>S005,3,3.7863702057398423,C
SK-00070,S008>S006,3,3.7863702057398423,C
SK-00071,S008>S007,3,3.7863702057398423,C
SK-00072,S008>S009,3,1.33855101331298,C
SK-00073,S008>S010,3,2.5907479698198443,C
SK-00074,S008>S011,3,3.7863702057398423,C
SK-00075,S008>S013,3,3.7863702057398423,C
SK-00076,S008>S014,3,1.1428479220222698,C
SK-00077,S008>S015,3,0.8907832725306122,C
SK-00078,S009>S001,3,1.33855101331298,C
SK-00079,S009>S004,3,1.33855101331298,C
SK-00080,S009>S005,3,1.33855101331298,C
SK-00081,S009>S006,3,1.33855101331298,C
SK-00082,S009>S007,3,1.33855101331298,C
SK-00083,S009>S008,3,1.33855101331298,C
SK-00084,S009>S010,3,1.33855101331298,C
SK-00085,S009>S011,3,1.33855101331298,C
SK-00086,S009>S013,3,1.33855101331298,C
SK-00087,S009>S014,3,1.33855101331298,C
SK-00088,S009>S015,3,0.8907832725306122,C
SK-00089,S010>S001,3,2.918482904678413,C
SK-00090,S010>S004,3,2.918482904678413,C
SK-00091,S010>S005,3,2.918482904678413,C
SK-00092,S010>S006,3,2.918482904678413,C
SK-00093,S010>S007,3,2.918482904678413,C
SK-00094,S010>S008,3,2.5907479698198443,C
SK-00095,S010>S009,3,1.33855101331298,C
SK-00096,S010>S011,3,2.918482904678413,C
SK-00097,S010>S013,3,2.918482904678413,C
SK-00098,S010>S014,3,1.7176137743184654,C
SK-00099,S010>S015,3,0.8907832725306122,C
SK-00100,S011>S001,3,inf,C
SK-00101,S011>S004,3,4.185182638468788,C
SK-00102,S011>S005,3,7.477418817803681,C
SK-00103,S011>S006,3,inf,C
SK-00104,S011>S007,3,8.836081683362565,C
SK-00105,S011>S008,3,3.7863702057398423,C
SK-00106,S011>S009,3,1.33855101331298,C
SK-00107,S011>S010,3,2.918482904678413,C
SK-00108,S011>S013,3,7.603612052352474,C
SK-00109,S011>S014,3,1.7176137743184654,C
SK-00110,S011>S015,3,0.8907832725306122,C
SK-00111,S013>S001,3,8.253309043575541,C
SK-00112,S013>S004,3,4.185182638468788,C
SK-00113,S013>S005,3,7.477418817803681,C
SK-00114,S013>S006,3,4.151652073208851,C
SK-00115,S013>S007,3,3.857793506246296,C
SK-00116,S013>S008,3,3.7863702057398423,C
SK-00117,S013>S009,3,1.33855101331298,C
SK-00118,S013>S010,3,2.918482904678413,C
SK-00119,S013>S011,3,7.603612052352474,C
SK-00120,S013>S014,3,1.7176137743184654,C
SK-00121,S013>S015,3,0.8907832725306122,C
SK-00122,S014>S001,3,1.7176137743184654,C
SK-00123,S014>S004,3,1.7176137743184654,C
SK-00124,S014>S005,3,1.7176137743184654,C
SK-00125,S014>S006,3,1.7176137743184654,C
SK-00126,S014>S007,3,1.7176137743184654,C
SK-00127,S014>S008,3,1.1428479220222698,C
SK-00128,S014>S009,3,1.33855101331298,C
SK-00129,S014>S010,3,1.7176137743184654,C
SK-00130,S014>S011,3,1.7176137743184654,C
SK-00131,S014>S013,3,1.7176137743184654,C
SK-00132,S014>S015,3,0.8907832725306122,C
SK-00133,S015>S001,3,0.8907832725306122,C
SK-00134,S015>S005,3,0.8907832725306122,C
SK-00135,S015>S006,3,0.8907832725306122,C
SK-00136,S015>S007,3,0.8907832725306122,C
SK-00137,S015>S008,3,0.8907832725306122,C
SK-00138,S015>S009,3,0.8907832725306122,C
SK-00139,S015>S010,3,0.8907832725306122,C
SK-00140,S015>S011,3,0.8907832725306122,C
SK-00141,S015>S013,3,0.8907832725306122,C
SK-00142,S015>S014,3,0.8907832725306122,C
SK-00143,S001>S004>S005,4,7.477418817803681,C
SK-00144,S001>S004>S006,4,3.144375740555972,C
SK-00145,S001>S004>S007,4,8.077872768647865,C
SK-00146,S001>S004>S008,4,3.7863702057398423,C
SK-00147,S001>S004>S009,4,1.33855101331298,C
SK-00148,S001>S004>S010,4,2.918482904678413,C
SK-00149,S001>S004>S011,4,7.280977071864612,C
SK-00150,S001>S004>S013,4,5.297945737201175,C
SK-00151,S001>S004>S014,4,1.7176137743184654,C
SK-00152,S001>S005>S004,4,4.185182638468788,C
SK-00153,S001>S005>S006,4,6.222112461609839,C
SK-00154,S001>S005>S007,4,8.53891922285095,C
SK-00155,S001>S005>S008,4,3.7863702057398423,C
SK-00156,S001>S005>S009,4,1.33855101331298,C
SK-00157,S001>S005>S010,4,2.918482904678413,C
SK-00158,S001>S005>S011,4,11.920214911402752,C
SK-00159,S001>S005>S013,4,7.611303124262775,C
SK-00160,S001>S005>S014,4,1.7176137743184654,C
SK-00161,S001>S005>S015,4,0.8907832725306122,C
SK-00162,S001>S006>S004,4,3.144375740555972,C
SK-00163,S001>S006>S005,4,6.222112461609839,C
SK-00164,S001>S006>S007,4,8.836081683362565,C
SK-00165,S001>S006>S008,4,3.7863702057398423,C
SK-00166,S001>S006>S009,4,1.33855101331298,C
SK-00167,S001>S006>S010,4,2.918482904678413,C
SK-00168,S001>S006>S011,4,inf,C
SK-00169,S001>S006>S013,4,4.151652073208851,C
SK-00170,S001>S006>S014,4,1.7176137743184654,C
SK-00171,S001>S006>S015,4,0.8907832725306122,C
SK-00172,S001>S007>S004,4,4.185182638468788,C
SK-00173,S001>S007>S005,4,7.477418817803681,C
SK-00174,S001>S007>S006,4,7.678828284435028,C
SK-00175,S001>S007>S008,4,3.7863702057398423,C
SK-00176,S001>S007>S009,4,1.33855101331298,C
SK-00177,S001>S007>S010,4,2.918482904678413,C
SK-00178,S001>S007>S011,4,7.678828284435028,C
SK-00179,S001>S007>S013,4,3.857793506246296,C
SK-00180,S001>S007>S014,4,1.7176137743184654,C
SK-00181,S001>S007>S015,4,0.8907832725306122,C
SK-00182,S001>S008>S004,4,4.185182638468788,C
SK-00183,S001>S008>S005,4,6.426894086681088,C
SK-00184,S001>S008>S006,4,3.800800140876845,C
SK-00185,S001>S008>S007,4,6.426894086681088,C
SK-00186,S001>S008>S009,4,1.33855101331298,C
SK-00187,S001>S008>S010,4,2.5907479698198443,C
SK-00188,S001>S008>S011,4,6.426894086681088,C
SK-00189,S001>S008>S013,4,3.836036265443923,C
SK-00190,S001>S008>S014,4,1.1428479220222698,C
SK-00191,S001>S008>S015,4,0.8907832725306122,C
SK-00192,S001>S009>S004,4,1.33855101331298,C
SK-00193,S001>S009>S005,4,1.33855101331298,C
SK-00194,S001>S009>S006,4,1.33855101331298,C
SK-00195,S001>S009>S007,4,1.33855101331298,C
SK-00196,S001>S009>S008,4,1.33855101331298,C
SK-00197,S001>S009>S010,4,1.33855101331298,C
SK-00198,S001>S009>S011,4,1.33855101331298,C
SK-00199,S001>S009>S013,4,1.33855101331298,C
SK-00200,S001>S009>S014,4,1.33855101331298,C
SK-00201,S001>S009>S015,4,0.8907832725306122,C
SK-00202,S001>S010>S004,4,2.918482904678413,C
SK-00203,S001>S010>S005,4,2.918482904678413,C
SK-00204,S001>S010>S006,4,2.918482904678413,C
SK-00205,S001>S010>S007,4,2.918482904678413,C
SK-00206,S001>S010>S008,4,2.5907479698198443,C
SK-00207,S001>S010>S009,4,1.33855101331298,C
SK-00208,S001>S010>S011,4,2.918482904678413,C
SK-00209,S001>S010>S013,4,2.918482904678413,C
SK-00210,S001>S010>S014,4,1.7176137743184654,C
SK-00211,S001>S010>S015,4,0.8907832725306122,C
SK-00212,S001>S011>S004,4,4.185182638468788,C
SK-00213,S001>S011>S005,4,7.477418817803681,C
SK-00214,S001>S011>S006,4,inf,C
SK-00215,S001>S011>S007,4,8.836081683362565,C
SK-00216,S001>S011>S008,4,3.7863702057398423,C
SK-00217,S001>S011>S009,4,1.33855101331298,C
SK-00218,S001>S011>S010,4,2.918482904678413,C
SK-00219,S001>S011>S013,4,7.603612052352474,C
SK-00220,S001>S011>S014,4,1.7176137743184654,C
SK-00221,S001>S011>S015,4,0.8907832725306122,C
SK-00222,S001>S013>S004,4,4.185182638468788,C
SK-00223,S001>S013>S005,4,7.477418817803681,C
SK-00224,S001>S013>S006,4,4.151652073208851,C
SK-00225,S001>S013>S007,4,3.857793506246296,C
SK-00226,S001>S013>S008,4,3.7863702057398423,C
SK-00227,S001>S013>S009,4,1.33855101331298,C
SK-00228,S001>S013>S010,4,2.918482904678413,C
SK-00229,S001>S013>S011,4,7.603612052352474,C
SK-00230,S001>S013>S014,4,1.7176137743184654,C
SK-00231,S001>S013>S015,4,0.8907832725306122,C
SK-00232,S001>S014>S004,4,1.7176137743184654,C
SK-00233,S001>S014>S005,4,1.7176137743184654,C
SK-00234,S001>S014>S006,4,1.7176137743184654,C
SK-00235,S001>S014>S007,4,1.7176137743184654,C
SK-00236,S001>S014>S008,4,1.1428479220222698,C
SK-00237,S001>S014>S009,4,1.33855101331298,C
SK-00238,S001>S014>S010,4,1.7176137743184654,C
SK-00239,S001>S014>S011,4,1.7176137743184654,C
SK-00240,S001>S014>S013,4,1.7176137743184654,C
SK-00241,S001>S014>S015,4,0.8907832725306122,C
SK-00242,S001>S015>S005,4,0.8907832725306122,C
SK-00243,S001>S015>S006,4,0.8907832725306122,C
SK-00244,S001>S015>S007,4,0.8907832725306122,C
SK-00245,S001>S015>S008,4,0.8907832725306122,C
SK-00246,S001>S015>S009,4,0.8907832725306122,C
SK-00247,S001>S015>S010,4,0.8907832725306122,C
SK-00248,S001>S015>S011,4,0.8907832725306122,C
SK-00249,S001>S015>S013,4,0.8907832725306122,C
SK-00250,S001>S015>S014,4,0.8907832725306122,C
SK-00251,S004>S001>S005,4,4.185182638468788,C
SK-00252,S004>S001>S006,4,4.185182638468788,C
SK-00253,S004>S001>S007,4,4.185182638468788,C
SK-00254,S004>S001>S008,4,3.7863702057398423,C
SK-00255,S004>S001>S009,4,1.33855101331298,C
SK-00256,S004>S001>S010,4,2.918482904678413,C
SK-00257,S004>S001>S011,4,4.185182638468788,C
SK-00258,S004>S001>S013,4,4.185182638468788,C
SK-00259,S004>S001>S014,4,1.7176137743184654,C
SK-00260,S004>S001>S015,4,0.8907832725306122,C
SK-00261,S004>S005>S001,4,4.185182638468788,C
SK-00262,S004>S005>S006,4,4.185182638468788,C
SK-00263,S004>S005>S007,4,4.185182638468788,C
SK-00264,S004>S005>S008,4,3.7863702057398423,C
SK-00265,S004>S005>S009,4,1.33855101331298,C
SK-00266,S004>S005>S010,4,2.918482904678413,C
SK-00267,S004>S005>S011,4,4.185182638468788,C
SK-00268,S004>S005>S013,4,4.185182638468788,C
SK-00269,S004>S005>S014,4,1.7176137743184654,C
SK-00270,S004>S005>S015,4,0.8907832725306122,C
SK-00271,S004>S006>S001,4,3.144375740555972,C
SK-00272,S004>S006>S005,4,3.144375740555972,C
SK-00273,S004>S006>S007,4,3.144375740555972,C
SK-00274,S004>S006>S008,4,3.144375740555972,C
SK-00275,S004>S006>S009,4,1.33855101331298,C
SK-00276,S004>S006>S010,4,2.918482904678413,C
SK-00277,S004>S006>S011,4,3.144375740555972,C
SK-00278,S004>S006>S013,4,3.144375740555972,C
SK-00279,S004>S006>S014,4,1.7176137743184654,C
SK-00280,S004>S006>S015,4,0.8907832725306122,C
SK-00281,S004>S007>S001,4,4.185182638468788,C
SK-00282,S004>S007>S005,4,4.185182638468788,C
SK-00283,S004>S007>S006,4,4.185182638468788,C
SK-00284,S004>S007>S008,4,3.7863702057398423,C
SK-00285,S004>S007>S009,4,1.33855101331298,C
SK-00286,S004>S007>S010,4,2.918482904678413,C
SK-00287,S004>S007>S011,4,4.185182638468788,C
SK-00288,S004>S007>S013,4,3.857793506246296,C
SK-00289,S004>S007>S014,4,1.7176137743184654,C
SK-00290,S004>S007>S015,4,0.8907832725306122,C
SK-00291,S004>S008>S001,4,4.185182638468788,C
SK-00292,S004>S008>S005,4,4.185182638468788,C
SK-00293,S004>S008>S006,4,3.800800140876845,C
SK-00294,S004>S008>S007,4,4.185182638468788,C
SK-00295,S004>S008>S009,4,1.33855101331298,C
SK-00296,S004>S008>S010,4,2.5907479698198443,C
SK-00297,S004>S008>S011,4,4.185182638468788,C
SK-00298,S004>S008>S013,4,3.836036265443923,C
SK-00299,S004>S008>S014,4,1.1428479220222698,C
SK-00300,S004>S008>S015,4,0.8907832725306122,C
SK-00301,S004>S009>S001,4,1.33855101331298,C
SK-00302,S004>S009>S005,4,1.33855101331298,C
SK-00303,S004>S009>S006,4,1.33855101331298,C
SK-00304,S004>S009>S007,4,1.33855101331298,C
SK-00305,S004>S009>S008,4,1.33855101331298,C
SK-00306,S004>S009>S010,4,1.33855101331298,C
SK-00307,S004>S009>S011,4,1.33855101331298,C
SK-00308,S004>S009>S013,4,1.33855101331298,C
SK-00309,S004>S009>S014,4,1.33855101331298,C
SK-00310,S004>S009>S015,4,0.8907832725306122,C
SK-00311,S004>S010>S001,4,2.918482904678413,C
SK-00312,S004>S010>S005,4,2.918482904678413,C
SK-00313,S004>S010>S006,4,2.918482904678413,C
SK-00314,S004>S010>S007,4,2.918482904678413,C
SK-00315,S004>S010>S008,4,2.5907479698198443,C
SK-00316,S004>S010>S009,4,1.33855101331298,C
SK-00317,S004>S010>S011,4,2.918482904678413,C
SK-00318,S004>S010>S013,4,2.918482904678413,C
SK-00319,S004>S010>S014,4,1.7176137743184654,C
SK-00320,S004>S010>S015,4,0.8907832725306122,C
SK-00321,S004>S011>S001,4,4.185182638468788,C
SK-00322,S004>S011>S005,4,4.185182638468788,C
SK-00323,S004>S011>S006,4,4.185182638468788,C
SK-00324,S004>S011>S007,4,4.185182638468788,C
SK-00325,S004>S011>S008,4,3.7863702057398423,C
SK-00326,S004>S011>S009,4,1.33855101331298,C
SK-00327,S004>S011>S010,4,2.918482904678413,C
SK-00328,S004>S011>S013,4,4.185182638468788,C
SK-00329,S004>S011>S014,4,1.7176137743184654,C
SK-00330,S004>S011>S015,4,0.8907832725306122,C
SK-00331,S004>S013>S001,4,4.185182638468788,C
SK-00332,S004>S013>S005,4,4.185182638468788,C
SK-00333,S004>S013>S006,4,4.151652073208851,C
SK-00334,S004>S013>S007,4,3.857793506246296,C
SK-00335,S004>S013>S008,4,3.7863702057398423,C
SK-00336,S004>S013>S009,4,1.33855101331298,C
SK-00337,S004>S013>S010,4,2.918482904678413,C
SK-00338,S004>S013>S011,4,4.185182638468788,C
SK-00339,S004>S013>S014,4,1.7176137743184654,C
SK-00340,S004>S013>S015,4,0.8907832725306122,C
SK-00341,S004>S014>S001,4,1.7176137743184654,C
SK-00342,S004>S014>S005,4,1.7176137743184654,C
SK-00343,S004>S014>S006,4,1.7176137743184654,C
SK-00344,S004>S014>S007,4,1.7176137743184654,C
SK-00345,S004>S014>S008,4,1.1428479220222698,C
SK-00346,S004>S014>S009,4,1.33855101331298,C
SK-00347,S004>S014>S010,4,1.7176137743184654,C
SK-00348,S004>S014>S011,4,1.7176137743184654,C
SK-00349,S004>S014>S013,4,1.7176137743184654,C
SK-00350,S004>S014>S015,4,0.8907832725306122,C
SK-00351,S005>S001>S004,4,4.185182638468788,C
SK-00352,S005>S001>S006,4,7.477418817803681,C
SK-00353,S005>S001>S007,4,7.477418817803681,C
SK-00354,S005>S001>S008,4,3.7863702057398423,C
SK-00355,S005>S001>S009,4,1.33855101331298,C
SK-00356,S005>S001>S010,4,2.918482904678413,C
SK-00357,S005>S001>S011,4,7.477418817803681,C
SK-00358,S005>S001>S013,4,7.477418817803681,C
SK-00359,S005>S001>S014,4,1.7176137743184654,C
SK-00360,S005>S001>S015,4,0.8907832725306122,C
SK-00361,S005>S004>S001,4,7.477418817803681,C
SK-00362,S005>S004>S006,4,3.144375740555972,C
SK-00363,S005>S004>S007,4,7.477418817803681,C
SK-00364,S005>S004>S008,4,3.7863702057398423,C
SK-00365,S005>S004>S009,4,1.33855101331298,C
SK-00366,S005>S004>S010,4,2.918482904678413,C
SK-00367,S005>S004>S011,4,7.280977071864612,C
SK-00368,S005>S004>S013,4,5.297945737201175,C
SK-00369,S005>S004>S014,4,1.7176137743184654,C
SK-00370,S005>S006>S001,4,6.222112461609839,C
SK-00371,S005>S006>S004,4,3.144375740555972,C
SK-00372,S005>S006>S007,4,6.222112461609839,C
SK-00373,S005>S006>S008,4,3.7863702057398423,C
SK-00374,S005>S006>S009,4,1.33855101331298,C
SK-00375,S005>S006>S010,4,2.918482904678413,C
SK-00376,S005>S006>S011,4,6.222112461609839,C
SK-00377,S005>S006>S013,4,4.151652073208851,C
SK-00378,S005>S006>S014,4,1.7176137743184654,C
SK-00379,S005>S006>S015,4,0.8907832725306122,C
SK-00380,S005>S007>S001,4,7.477418817803681,C
SK-00381,S005>S007>S004,4,4.185182638468788,C
SK-00382,S005>S007>S006,4,7.477418817803681,C
SK-00383,S005>S007>S008,4,3.7863702057398423,C
SK-00384,S005>S007>S009,4,1.33855101331298,C
SK-00385,S005>S007>S010,4,2.918482904678413,C
SK-00386,S005>S007>S011,4,7.477418817803681,C
SK-00387,S005>S007>S013,4,3.857793506246296,C
SK-00388,S005>S007>S014,4,1.7176137743184654,C
SK-00389,S005>S007>S015,4,0.8907832725306122,C
SK-00390,S005>S008>S001,4,6.426894086681088,C
SK-00391,S005>S008>S004,4,4.185182638468788,C
SK-00392,S005>S008>S006,4,3.800800140876845,C
SK-00393,S005>S008>S007,4,7.477418817803681,C
SK-00394,S005>S008>S009,4,1.33855101331298,C
SK-00395,S005>S008>S010,4,2.5907479698198443,C
SK-00396,S005>S008>S011,4,7.4019063390613695,C
SK-00397,S005>S008>S013,4,3.836036265443923,C
SK-00398,S005>S008>S014,4,1.1428479220222698,C
SK-00399,S005>S008>S015,4,0.8907832725306122,C
SK-00400,S005>S009>S001,4,1.33855101331298,C
SK-00401,S005>S009>S004,4,1.33855101331298,C
SK-00402,S005>S009>S006,4,1.33855101331298,C
SK-00403,S005>S009>S007,4,1.33855101331298,C
SK-00404,S005>S009>S008,4,1.33855101331298,C
SK-00405,S005>S009>S010,4,1.33855101331298,C
SK-00406,S005>S009>S011,4,1.33855101331298,C
SK-00407,S005>S009>S013,4,1.33855101331298,C
SK-00408,S005>S009>S014,4,1.33855101331298,C
SK-00409,S005>S009>S015,4,0.8907832725306122,C
SK-00410,S005>S010>S001,4,2.918482904678413,C
SK-00411,S005>S010>S004,4,2.918482904678413,C
SK-00412,S005>S010>S006,4,2.918482904678413,C
SK-00413,S005>S010>S007,4,2.918482904678413,C
SK-00414,S005>S010>S008,4,2.5907479698198443,C
SK-00415,S005>S010>S009,4,1.33855101331298,C
SK-00416,S005>S010>S011,4,2.918482904678413,C
SK-00417,S005>S010>S013,4,2.918482904678413,C
SK-00418,S005>S010>S014,4,1.7176137743184654,C
SK-00419,S005>S010>S015,4,0.8907832725306122,C
SK-00420,S005>S011>S001,4,7.477418817803681,C
SK-00421,S005>S011>S004,4,4.185182638468788,C
SK-00422,S005>S011>S006,4,7.477418817803681,C
SK-00423,S005>S011>S007,4,7.477418817803681,C
SK-00424,S005>S011>S008,4,3.7863702057398423,C
SK-00425,S005>S011>S009,4,1.33855101331298,C
SK-00426,S005>S011>S010,4,2.918482904678413,C
SK-00427,S005>S011>S013,4,7.477418817803681,C
SK-00428,S005>S011>S014,4,1.7176137743184654,C
SK-00429,S005>S011>S015,4,0.8907832725306122,C
SK-00430,S005>S013>S001,4,7.477418817803681,C
SK-00431,S005>S013>S004,4,4.185182638468788,C
SK-00432,S005>S013>S006,4,4.151652073208851,C
SK-00433,S005>S013>S007,4,3.857793506246296,C
SK-00434,S005>S013>S008,4,3.7863702057398423,C
SK-00435,S005>S013>S009,4,1.33855101331298,C
SK-00436,S005>S013>S010,4,2.918482904678413,C
SK-00437,S005>S013>S011,4,7.477418817803681,C
SK-00438,S005>S013>S014,4,1.7176137743184654,C
SK-00439,S005>S013>S015,4,0.8907832725306122,C
SK-00440,S005>S014>S001,4,1.7176137743184654,C
SK-00441,S005>S014>S004,4,1.7176137743184654,C
SK-00442,S005>S014>S006,4,1.7176137743184654,C
SK-00443,S005>S014>S007,4,1.7176137743184654,C
SK-00444,S005>S014>S008,4,1.1428479220222698,C
SK-00445,S005>S014>S009,4,1.33855101331298,C
SK-00446,S005>S014>S010,4,1.7176137743184654,C
SK-00447,S005>S014>S011,4,1.7176137743184654,C
SK-00448,S005>S014>S013,4,1.7176137743184654,C
SK-00449,S005>S014>S015,4,0.8907832725306122,C
SK-00450,S005>S015>S001,4,0.8907832725306122,C
SK-00451,S005>S015>S006,4,0.8907832725306122,C
SK-00452,S005>S015>S007,4,0.8907832725306122,C
SK-00453,S005>S015>S008,4,0.8907832725306122,C
SK-00454,S005>S015>S009,4,0.8907832725306122,C
SK-00455,S005>S015>S010,4,0.8907832725306122,C
SK-00456,S005>S015>S011,4,0.8907832725306122,C
SK-00457,S005>S015>S013,4,0.8907832725306122,C
SK-00458,S005>S015>S014,4,0.8907832725306122,C
SK-00459,S006>S001>S004,4,4.185182638468788,C
SK-00460,S006>S001>S005,4,7.477418817803681,C
SK-00461,S006>S001>S007,4,7.678828284435028,C
SK-00462,S006>S001>S008,4,3.7863702057398423,C
SK-00463,S006>S001>S009,4,1.33855101331298,C
SK-00464,S006>S001>S010,4,2.918482904678413,C
SK-00465,S006>S001>S011,4,inf,C
SK-00466,S006>S001>S013,4,8.253309043575541,C
SK-00467,S006>S001>S014,4,1.7176137743184654,C
SK-00468,S006>S001>S015,4,0.8907832725306122,C
SK-00469,S006>S004>S001,4,3.144375740555972,C
SK-00470,S006>S004>S005,4,3.144375740555972,C
SK-00471,S006>S004>S007,4,3.144375740555972,C
SK-00472,S006>S004>S008,4,3.144375740555972,C
SK-00473,S006>S004>S009,4,1.33855101331298,C
SK-00474,S006>S004>S010,4,2.918482904678413,C
SK-00475,S006>S004>S011,4,3.144375740555972,C
SK-00476,S006>S004>S013,4,3.144375740555972,C
SK-00477,S006>S004>S014,4,1.7176137743184654,C
SK-00478,S006>S005>S001,4,6.222112461609839,C
SK-00479,S006>S005>S004,4,4.185182638468788,C
SK-00480,S006>S005>S007,4,6.222112461609839,C
SK-00481,S006>S005>S008,4,3.7863702057398423,C
SK-00482,S006>S005>S009,4,1.33855101331298,C
SK-00483,S006>S005>S010,4,2.918482904678413,C
SK-00484,S006>S005>S011,4,6.222112461609839,C
SK-00485,S006>S005>S013,4,6.222112461609839,C
SK-00486,S006>S005>S014,4,1.7176137743184654,C
SK-00487,S006>S005>S015,4,0.8907832725306122,C
SK-00488,S006>S007>S001,4,7.678828284435028,C
SK-00489,S006>S007>S004,4,4.185182638468788,C
SK-00490,S006>S007>S005,4,7.477418817803681,C
SK-00491,S006>S007>S008,4,3.7863702057398423,C
SK-00492,S006>S007>S009,4,1.33855101331298,C
SK-00493,S006>S007>S010,4,2.918482904678413,C
SK-00494,S006>S007>S011,4,12.852479773346404,C
SK-00495,S006>S007>S013,4,3.857793506246296,C
SK-00496,S006>S007>S014,4,1.7176137743184654,C
SK-00497,S006>S007>S015,4,0.8907832725306122,C
SK-00498,S006>S008>S001,4,3.800800140876845,C
SK-00499,S006>S008>S004,4,3.800800140876845,C
SK-00500,S006>S008>S005,4,3.800800140876845,C
SK-00501,S006>S008>S007,4,3.800800140876845,C
SK-00502,S006>S008>S009,4,1.33855101331298,C
SK-00503,S006>S008>S010,4,2.5907479698198443,C
SK-00504,S006>S008>S011,4,3.800800140876845,C
SK-00505,S006>S008>S013,4,3.800800140876845,C
SK-00506,S006>S008>S014,4,1.1428479220222698,C
SK-00507,S006>S008>S015,4,0.8907832725306122,C
SK-00508,S006>S009>S001,4,1.33855101331298,C
SK-00509,S006>S009>S004,4,1.33855101331298,C
SK-00510,S006>S009>S005,4,1.33855101331298,C
SK-00511,S006>S009>S007,4,1.33855101331298,C
SK-00512,S006>S009>S008,4,1.33855101331298,C
SK-00513,S006>S009>S010,4,1.33855101331298,C
SK-00514,S006>S009>S011,4,1.33855101331298,C
SK-00515,S006>S009>S013,4,1.33855101331298,C
SK-00516,S006>S009>S014,4,1.33855101331298,C
SK-00517,S006>S009>S015,4,0.8907832725306122,C
SK-00518,S006>S010>S001,4,2.918482904678413,C
SK-00519,S006>S010>S004,4,2.918482904678413,C
SK-00520,S006>S010>S005,4,2.918482904678413,C
SK-00521,S006>S010>S007,4,2.918482904678413,C
SK-00522,S006>S010>S008,4,2.5907479698198443,C
SK-00523,S006>S010>S009,4,1.33855101331298,C
SK-00524,S006>S010>S011,4,2.918482904678413,C
SK-00525,S006>S010>S013,4,2.918482904678413,C
SK-00526,S006>S010>S014,4,1.7176137743184654,C
SK-00527,S006>S010>S015,4,0.8907832725306122,C
SK-00528,S006>S011>S001,4,inf,C
SK-00529,S006>S011>S004,4,4.185182638468788,C
SK-00530,S006>S011>S005,4,7.477418817803681,C
SK-00531,S006>S011>S007,4,8.836081683362565,C
SK-00532,S006>S011>S008,4,3.7863702057398423,C
SK-00533,S006>S011>S009,4,1.33855101331298,C
SK-00534,S006>S011>S010,4,2.918482904678413,C
SK-00535,S006>S011>S013,4,7.603612052352474,C
SK-00536,S006>S011>S014,4,1.7176137743184654,C
SK-00537,S006>S011>S015,4,0.8907832725306122,C
SK-00538,S006>S013>S001,4,4.151652073208851,C
SK-00539,S006>S013>S004,4,4.151652073208851,C
SK-00540,S006>S013>S005,4,4.151652073208851,C
SK-00541,S006>S013>S007,4,3.857793506246296,C
SK-00542,S006>S013>S008,4,3.7863702057398423,C
SK-00543,S006>S013>S009,4,1.33855101331298,C
SK-00544,S006>S013>S010,4,2.918482904678413,C
SK-00545,S006>S013>S011,4,4.151652073208851,C
SK-00546,S006>S013>S014,4,1.7176137743184654,C
SK-00547,S006>S013>S015,4,0.8907832725306122,C
SK-00548,S006>S014>S001,4,1.7176137743184654,C
SK-00549,S006>S014>S004,4,1.7176137743184654,C
SK-00550,S006>S014>S005,4,1.7176137743184654,C
SK-00551,S006>S014>S007,4,1.7176137743184654,C
SK-00552,S006>S014>S008,4,1.1428479220222698,C
SK-00553,S006>S014>S009,4,1.33855101331298,C
SK-00554,S006>S014>S010,4,1.7176137743184654,C
SK-00555,S006>S014>S011,4,1.7176137743184654,C
SK-00556,S006>S014>S013,4,1.7176137743184654,C
SK-00557,S006>S014>S015,4,0.8907832725306122,C
SK-00558,S006>S015>S001,4,0.8907832725306122,C
SK-00559,S006>S015>S005,4,0.8907832725306122,C
SK-00560,S006>S015>S007,4,0.8907832725306122,C
SK-00561,S006>S015>S008,4,0.8907832725306122,C
SK-00562,S006>S015>S009,4,0.8907832725306122,C
SK-00563,S006>S015>S010,4,0.8907832725306122,C
SK-00564,S006>S015>S011,4,0.8907832725306122,C
SK-00565,S006>S015>S013,4,0.8907832725306122,C
SK-00566,S006>S015>S014,4,0.8907832725306122,C
SK-00567,S007>S001>S004,4,4.185182638468788,C
SK-00568,S007>S001>S005,4,7.477418817803681,C
SK-00569,S007>S001>S006,4,7.678828284435028,C
SK-00570,S007>S001>S008,4,3.7863702057398423,C
SK-00571,S007>S001>S009,4,1.33855101331298,C
SK-00572,S007>S001>S010,4,2.918482904678413,C
SK-00573,S007>S001>S011,4,7.678828284435028,C
SK-00574,S007>S001>S013,4,7.678828284435028,C
SK-00575,S007>S001>S014,4,1.7176137743184654,C
SK-00576,S007>S001>S015,4,0.8907832725306122,C
SK-00577,S007>S004>S001,4,8.077872768647865,C
SK-00578,S007>S004>S005,4,7.477418817803681,C
SK-00579,S007>S004>S006,4,3.144375740555972,C
SK-00580,S007>S004>S008,4,3.7863702057398423,C
SK-00581,S007>S004>S009,4,1.33855101331298,C
SK-00582,S007>S004>S010,4,2.918482904678413,C
SK-00583,S007>S004>S011,4,7.280977071864612,C
SK-00584,S007>S004>S013,4,5.297945737201175,C
SK-00585,S007>S004>S014,4,1.7176137743184654,C
SK-00586,S007>S005>S001,4,8.53891922285095,C
SK-00587,S007>S005>S004,4,4.185182638468788,C
SK-00588,S007>S005>S006,4,6.222112461609839,C
SK-00589,S007>S005>S008,4,3.7863702057398423,C
SK-00590,S007>S005>S009,4,1.33855101331298,C
SK-00591,S007>S005>S010,4,2.918482904678413,C
SK-00592,S007>S005>S011,4,8.53891922285095,C
SK-00593,S007>S005>S013,4,7.611303124262775,C
SK-00594,S007>S005>S014,4,1.7176137743184654,C
SK-00595,S007>S005>S015,4,0.8907832725306122,C
SK-00596,S007>S006>S001,4,8.836081683362565,C
SK-00597,S007>S006>S004,4,3.144375740555972,C
SK-00598,S007>S006>S005,4,6.222112461609839,C
SK-00599,S007>S006>S008,4,3.7863702057398423,C
SK-00600,S007>S006>S009,4,1.33855101331298,C
SK-00601,S007>S006>S010,4,2.918482904678413,C
SK-00602,S007>S006>S011,4,8.836081683362565,C
SK-00603,S007>S006>S013,4,4.151652073208851,C
SK-00604,S007>S006>S014,4,1.7176137743184654,C
SK-00605,S007>S006>S015,4,0.8907832725306122,C
SK-00606,S007>S008>S001,4,6.426894086681088,C
SK-00607,S007>S008>S004,4,4.185182638468788,C
SK-00608,S007>S008>S005,4,7.477418817803681,C
SK-00609,S007>S008>S006,4,3.800800140876845,C
SK-00610,S007>S008>S009,4,1.33855101331298,C
SK-00611,S007>S008>S010,4,2.5907479698198443,C
SK-00612,S007>S008>S011,4,7.4019063390613695,C
SK-00613,S007>S008>S013,4,3.836036265443923,C
SK-00614,S007>S008>S014,4,1.1428479220222698,C
SK-00615,S007>S008>S015,4,0.8907832725306122,C
SK-00616,S007>S009>S001,4,1.33855101331298,C
SK-00617,S007>S009>S004,4,1.33855101331298,C
SK-00618,S007>S009>S005,4,1.33855101331298,C
SK-00619,S007>S009>S006,4,1.33855101331298,C
SK-00620,S007>S009>S008,4,1.33855101331298,C
SK-00621,S007>S009>S010,4,1.33855101331298,C
SK-00622,S007>S009>S011,4,1.33855101331298,C
SK-00623,S007>S009>S013,4,1.33855101331298,C
SK-00624,S007>S009>S014,4,1.33855101331298,C
SK-00625,S007>S009>S015,4,0.8907832725306122,C
SK-00626,S007>S010>S001,4,2.918482904678413,C
SK-00627,S007>S010>S004,4,2.918482904678413,C
SK-00628,S007>S010>S005,4,2.918482904678413,C
SK-00629,S007>S010>S006,4,2.918482904678413,C
SK-00630,S007>S010>S008,4,2.5907479698198443,C
SK-00631,S007>S010>S009,4,1.33855101331298,C
SK-00632,S007>S010>S011,4,2.918482904678413,C
SK-00633,S007>S010>S013,4,2.918482904678413,C
SK-00634,S007>S010>S014,4,1.7176137743184654,C
SK-00635,S007>S010>S015,4,0.8907832725306122,C
SK-00636,S007>S011>S001,4,8.836081683362565,C
SK-00637,S007>S011>S004,4,4.185182638468788,C
SK-00638,S007>S011>S005,4,7.477418817803681,C
SK-00639,S007>S011>S006,4,8.836081683362565,C
SK-00640,S007>S011>S008,4,3.7863702057398423,C
SK-00641,S007>S011>S009,4,1.33855101331298,C
SK-00642,S007>S011>S010,4,2.918482904678413,C
SK-00643,S007>S011>S013,4,7.603612052352474,C
SK-00644,S007>S011>S014,4,1.7176137743184654,C
SK-00645,S007>S011>S015,4,0.8907832725306122,C
SK-00646,S007>S013>S001,4,3.857793506246296,C
SK-00647,S007>S013>S004,4,3.857793506246296,C
SK-00648,S007>S013>S005,4,3.857793506246296,C
SK-00649,S007>S013>S006,4,3.857793506246296,C
SK-00650,S007>S013>S008,4,3.7863702057398423,C
SK-00651,S007>S013>S009,4,1.33855101331298,C
SK-00652,S007>S013>S010,4,2.918482904678413,C
SK-00653,S007>S013>S011,4,3.857793506246296,C
SK-00654,S007>S013>S014,4,1.7176137743184654,C
SK-00655,S007>S013>S015,4,0.8907832725306122,C
SK-00656,S007>S014>S001,4,1.7176137743184654,C
SK-00657,S007>S014>S004,4,1.7176137743184654,C
SK-00658,S007>S014>S005,4,1.7176137743184654,C
SK-00659,S007>S014>S006,4,1.7176137743184654,C
SK-00660,S007>S014>S008,4,1.1428479220222698,C
SK-00661,S007>S014>S009,4,1.33855101331298,C
SK-00662,S007>S014>S010,4,1.7176137743184654,C
SK-00663,S007>S014>S011,4,1.7176137743184654,C
SK-00664,S007>S014>S013,4,1.7176137743184654,C
SK-00665,S007>S014>S015,4,0.8907832725306122,C
SK-00666,S007>S015>S001,4,0.8907832725306122,C
SK-00667,S007>S015>S005,4,0.8907832725306122,C
SK-00668,S007>S015>S006,4,0.8907832725306122,C
SK-00669,S007>S015>S008,4,0.8907832725306122,C
SK-00670,S007>S015>S009,4,0.8907832725306122,C
SK-00671,S007>S015>S010,4,0.8907832725306122,C
SK-00672,S007>S015>S011,4,0.8907832725306122,C
SK-00673,S007>S015>S013,4,0.8907832725306122,C
SK-00674,S007>S015>S014,4,0.8907832725306122,C
SK-00675,S008>S001>S004,4,3.7863702057398423,C
SK-00676,S008>S001>S005,4,3.7863702057398423,C
SK-00677,S008>S001>S006,4,3.7863702057398423,C
SK-00678,S008>S001>S007,4,3.7863702057398423,C
SK-00679,S008>S001>S009,4,1.33855101331298,C
SK-00680,S008>S001>S010,4,2.918482904678413,C
SK-00681,S008>S001>S011,4,3.7863702057398423,C
SK-00682,S008>S001>S013,4,3.7863702057398423,C
SK-00683,S008>S001>S014,4,1.7176137743184654,C
SK-00684,S008>S001>S015,4,0.8907832725306122,C
SK-00685,S008>S004>S001,4,3.7863702057398423,C
SK-00686,S008>S004>S005,4,3.7863702057398423,C
SK-00687,S008>S004>S006,4,3.144375740555972,C
SK-00688,S008>S004>S007,4,3.7863702057398423,C
SK-00689,S008>S004>S009,4,1.33855101331298,C
SK-00690,S008>S004>S010,4,2.918482904678413,C
SK-00691,S008>S004>S011,4,3.7863702057398423,C
SK-00692,S008>S004>S013,4,3.7863702057398423,C
SK-00693,S008>S004>S014,4,1.7176137743184654,C
SK-00694,S008>S005>S001,4,3.7863702057398423,C
SK-00695,S008>S005>S004,4,3.7863702057398423,C
SK-00696,S008>S005>S006,4,3.7863702057398423,C
SK-00697,S008>S005>S007,4,3.7863702057398423,C
SK-00698,S008>S005>S009,4,1.33855101331298,C
SK-00699,S008>S005>S010,4,2.918482904678413,C
SK-00700,S008>S005>S011,4,3.7863702057398423,C
SK-00701,S008>S005>S013,4,3.7863702057398423,C
SK-00702,S008>S005>S014,4,1.7176137743184654,C
SK-00703,S008>S005>S015,4,0.8907832725306122,C
SK-00704,S008>S006>S001,4,3.7863702057398423,C
SK-00705,S008>S006>S004,4,3.144375740555972,C
SK-00706,S008>S006>S005,4,3.7863702057398423,C
SK-00707,S008>S006>S007,4,3.7863702057398423,C
SK-00708,S008>S006>S009,4,1.33855101331298,C
SK-00709,S008>S006>S010,4,2.918482904678413,C
SK-00710,S008>S006>S011,4,3.7863702057398423,C
SK-00711,S008>S006>S013,4,3.7863702057398423,C
SK-00712,S008>S006>S014,4,1.7176137743184654,C
SK-00713,S008>S006>S015,4,0.8907832725306122,C
SK-00714,S008>S007>S001,4,3.7863702057398423,C
SK-00715,S008>S007>S004,4,3.7863702057398423,C
SK-00716,S008>S007>S005,4,3.7863702057398423,C
SK-00717,S008>S007>S006,4,3.7863702057398423,C
SK-00718,S008>S007>S009,4,1.33855101331298,C
SK-00719,S008>S007>S010,4,2.918482904678413,C
SK-00720,S008>S007>S011,4,3.7863702057398423,C
SK-00721,S008>S007>S013,4,3.7863702057398423,C
SK-00722,S008>S007>S014,4,1.7176137743184654,C
SK-00723,S008>S007>S015,4,0.8907832725306122,C
SK-00724,S008>S009>S001,4,1.33855101331298,C
SK-00725,S008>S009>S004,4,1.33855101331298,C
SK-00726,S008>S009>S005,4,1.33855101331298,C
SK-00727,S008>S009>S006,4,1.33855101331298,C
SK-00728,S008>S009>S007,4,1.33855101331298,C
SK-00729,S008>S009>S010,4,1.33855101331298,C
SK-00730,S008>S009>S011,4,1.33855101331298,C
SK-00731,S008>S009>S013,4,1.33855101331298,C
SK-00732,S008>S009>S014,4,1.33855101331298,C
SK-00733,S008>S009>S015,4,0.8907832725306122,C
SK-00734,S008>S010>S001,4,2.5907479698198443,C
SK-00735,S008>S010>S004,4,2.5907479698198443,C
SK-00736,S008>S010>S005,4,2.5907479698198443,C
SK-00737,S008>S010>S006,4,2.5907479698198443,C
SK-00738,S008>S010>S007,4,2.5907479698198443,C
SK-00739,S008>S010>S009,4,1.33855101331298,C
SK-00740,S008>S010>S011,4,2.5907479698198443,C
SK-00741,S008>S010>S013,4,2.5907479698198443,C
SK-00742,S008>S010>S014,4,1.7176137743184654,C
SK-00743,S008>S010>S015,4,0.8907832725306122,C
SK-00744,S008>S011>S001,4,3.7863702057398423,C
SK-00745,S008>S011>S004,4,3.7863702057398423,C
SK-00746,S008>S011>S005,4,3.7863702057398423,C
SK-00747,S008>S011>S006,4,3.7863702057398423,C
SK-00748,S008>S011>S007,4,3.7863702057398423,C
SK-00749,S008>S011>S009,4,1.33855101331298,C
SK-00750,S008>S011>S010,4,2.918482904678413,C
SK-00751,S008>S011>S013,4,3.7863702057398423,C
SK-00752,S008>S011>S014,4,1.7176137743184654,C
SK-00753,S008>S011>S015,4,0.8907832725306122,C
SK-00754,S008>S013>S001,4,3.7863702057398423,C
SK-00755,S008>S013>S004,4,3.7863702057398423,C
SK-00756,S008>S013>S005,4,3.7863702057398423,C
SK-00757,S008>S013>S006,4,3.7863702057398423,C
SK-00758,S008>S013>S007,4,3.7863702057398423,C
SK-00759,S008>S013>S009,4,1.33855101331298,C
SK-00760,S008>S013>S010,4,2.918482904678413,C
SK-00761,S008>S013>S011,4,3.7863702057398423,C
SK-00762,S008>S013>S014,4,1.7176137743184654,C
SK-00763,S008>S013>S015,4,0.8907832725306122,C
SK-00764,S008>S014>S001,4,1.1428479220222698,C
SK-00765,S008>S014>S004,4,1.1428479220222698,C
SK-00766,S008>S014>S005,4,1.1428479220222698,C
SK-00767,S008>S014>S006,4,1.1428479220222698,C
SK-00768,S008>S014>S007,4,1.1428479220222698,C
SK-00769,S008>S014>S009,4,1.1428479220222698,C
SK-00770,S008>S014>S010,4,1.1428479220222698,C
SK-00771,S008>S014>S011,4,1.1428479220222698,C
SK-00772,S008>S014>S013,4,1.1428479220222698,C
SK-00773,S008>S014>S015,4,0.8907832725306122,C
SK-00774,S008>S015>S001,4,0.8907832725306122,C
SK-00775,S008>S015>S005,4,0.8907832725306122,C
SK-00776,S008>S015>S006,4,0.8907832725306122,C
SK-00777,S008>S015>S007,4,0.8907832725306122,C
SK-00778,S008>S015>S009,4,0.8907832725306122,C
SK-00779,S008>S015>S010,4,0.8907832725306122,C
SK-00780,S008>S015>S011,4,0.8907832725306122,C
SK-00781,S008>S015>S013,4,0.8907832725306122,C
SK-00782,S008>S015>S014,4,0.8907832725306122,C
SK-00783,S009>S001>S004,4,1.33855101331298,C
SK-00784,S009>S001>S005,4,1.33855101331298,C
SK-00785,S009>S001>S006,4,1.33855101331298,C
SK-00786,S009>S001>S007,4,1.33855101331298,C
SK-00787,S009>S001>S008,4,1.33855101331298,C
SK-00788,S009>S001>S010,4,1.33855101331298,C
SK-00789,S009>S001>S011,4,1.33855101331298,C
SK-00790,S009>S001>S013,4,1.33855101331298,C
SK-00791,S009>S001>S014,4,1.33855101331298,C
SK-00792,S009>S001>S015,4,0.8907832725306122,C
SK-00793,S009>S004>S001,4,1.33855101331298,C
SK-00794,S009>S004>S005,4,1.33855101331298,C
SK-00795,S009>S004>S006,4,1.33855101331298,C
SK-00796,S009>S004>S007,4,1.33855101331298,C
SK-00797,S009>S004>S008,4,1.33855101331298,C
SK-00798,S009>S004>S010,4,1.33855101331298,C
SK-00799,S009>S004>S011,4,1.33855101331298,C
SK-00800,S009>S004>S013,4,1.33855101331298,C
SK-00801,S009>S004>S014,4,1.33855101331298,C
SK-00802,S009>S005>S001,4,1.33855101331298,C
SK-00803,S009>S005>S004,4,1.33855101331298,C
SK-00804,S009>S005>S006,4,1.33855101331298,C
SK-00805,S009>S005>S007,4,1.33855101331298,C
SK-00806,S009>S005>S008,4,1.33855101331298,C
SK-00807,S009>S005>S010,4,1.33855101331298,C
SK-00808,S009>S005>S011,4,1.33855101331298,C
SK-00809,S009>S005>S013,4,1.33855101331298,C
SK-00810,S009>S005>S014,4,1.33855101331298,C
SK-00811,S009>S005>S015,4,0.8907832725306122,C
SK-00812,S009>S006>S001,4,1.33855101331298,C
SK-00813,S009>S006>S004,4,1.33855101331298,C
SK-00814,S009>S006>S005,4,1.33855101331298,C
SK-00815,S009>S006>S007,4,1.33855101331298,C
SK-00816,S009>S006>S008,4,1.33855101331298,C
SK-00817,S009>S006>S010,4,1.33855101331298,C
SK-00818,S009>S006>S011,4,1.33855101331298,C
SK-00819,S009>S006>S013,4,1.33855101331298,C
SK-00820,S009>S006>S014,4,1.33855101331298,C
SK-00821,S009>S006>S015,4,0.8907832725306122,C
SK-00822,S009>S007>S001,4,1.33855101331298,C
SK-00823,S009>S007>S004,4,1.33855101331298,C
SK-00824,S009>S007>S005,4,1.33855101331298,C
SK-00825,S009>S007>S006,4,1.33855101331298,C
SK-00826,S009>S007>S008,4,1.33855101331298,C
SK-00827,S009>S007>S010,4,1.33855101331298,C
SK-00828,S009>S007>S011,4,1.33855101331298,C
SK-00829,S009>S007>S013,4,1.33855101331298,C
SK-00830,S009>S007>S014,4,1.33855101331298,C
SK-00831,S009>S007>S015,4,0.8907832725306122,C
SK-00832,S009>S008>S001,4,1.33855101331298,C
SK-00833,S009>S008>S004,4,1.33855101331298,C
SK-00834,S009>S008>S005,4,1.33855101331298,C
SK-00835,S009>S008>S006,4,1.33855101331298,C
SK-00836,S009>S008>S007,4,1.33855101331298,C
SK-00837,S009>S008>S010,4,1.33855101331298,C
SK-00838,S009>S008>S011,4,1.33855101331298,C
SK-00839,S009>S008>S013,4,1.33855101331298,C
SK-00840,S009>S008>S014,4,1.1428479220222698,C
SK-00841,S009>S008>S015,4,0.8907832725306122,C
SK-00842,S009>S010>S001,4,1.33855101331298,C
SK-00843,S009>S010>S004,4,1.33855101331298,C
SK-00844,S009>S010>S005,4,1.33855101331298,C
SK-00845,S009>S010>S006,4,1.33855101331298,C
SK-00846,S009>S010>S007,4,1.33855101331298,C
SK-00847,S009>S010>S008,4,1.33855101331298,C
SK-00848,S009>S010>S011,4,1.33855101331298,C
SK-00849,S009>S010>S013,4,1.33855101331298,C
SK-00850,S009>S010>S014,4,1.33855101331298,C
SK-00851,S009>S010>S015,4,0.8907832725306122,C
SK-00852,S009>S011>S001,4,1.33855101331298,C
SK-00853,S009>S011>S004,4,1.33855101331298,C
SK-00854,S009>S011>S005,4,1.33855101331298,C
SK-00855,S009>S011>S006,4,1.33855101331298,C
SK-00856,S009>S011>S007,4,1.33855101331298,C
SK-00857,S009>S011>S008,4,1.33855101331298,C
SK-00858,S009>S011>S010,4,1.33855101331298,C
SK-00859,S009>S011>S013,4,1.33855101331298,C
SK-00860,S009>S011>S014,4,1.33855101331298,C
SK-00861,S009>S011>S015,4,0.8907832725306122,C
SK-00862,S009>S013>S001,4,1.33855101331298,C
SK-00863,S009>S013>S004,4,1.33855101331298,C
SK-00864,S009>S013>S005,4,1.33855101331298,C
SK-00865,S009>S013>S006,4,1.33855101331298,C
SK-00866,S009>S013>S007,4,1.33855101331298,C
SK-00867,S009>S013>S008,4,1.33855101331298,C
SK-00868,S009>S013>S010,4,1.33855101331298,C
SK-00869,S009>S013>S011,4,1.33855101331298,C
SK-00870,S009>S013>S014,4,1.33855101331298,C
SK-00871,S009>S013>S015,4,0.8907832725306122,C
SK-00872,S009>S014>S001,4,1.33855101331298,C
SK-00873,S009>S014>S004,4,1.33855101331298,C
SK-00874,S009>S014>S005,4,1.33855101331298,C
SK-00875,S009>S014>S006,4,1.33855101331298,C
SK-00876,S009>S014>S007,4,1.33855101331298,C
SK-00877,S009>S014>S008,4,1.1428479220222698,C
SK-00878,S009>S014>S010,4,1.33855101331298,C
SK-00879,S009>S014>S011,4,1.33855101331298,C
SK-00880,S009>S014>S013,4,1.33855101331298,C
SK-00881,S009>S014>S015,4,0.8907832725306122,C
SK-00882,S009>S015>S001,4,0.8907832725306122,C
SK-00883,S009>S015>S005,4,0.8907832725306122,C
SK-00884,S009>S015>S006,4,0.8907832725306122,C
SK-00885,S009>S015>S007,4,0.8907832725306122,C
SK-00886,S009>S015>S008,4,0.8907832725306122,C
SK-00887,S009>S015>S010,4,0.8907832725306122,C
SK-00888,S009>S015>S011,4,0.8907832725306122,C
SK-00889,S009>S015>S013,4,0.8907832725306122,C
SK-00890,S009>S015>S014,4,0.8907832725306122,C
SK-00891,S010>S001>S004,4,2.918482904678413,C
SK-00892,S010>S001>S005,4,2.918482904678413,C
SK-00893,S010>S001>S006,4,2.918482904678413,C
SK-00894,S010>S001>S007,4,2.918482904678413,C
SK-00895,S010>S001>S008,4,2.918482904678413,C
SK-00896,S010>S001>S009,4,1.33855101331298,C
SK-00897,S010>S001>S011,4,2.918482904678413,C
SK-00898,S010>S001>S013,4,2.918482904678413,C
SK-00899,S010>S001>S014,4,1.7176137743184654,C
SK-00900,S010>S001>S015,4,0.8907832725306122,C
SK-00901,S010>S004>S001,4,2.918482904678413,C
SK-00902,S010>S004>S005,4,2.918482904678413,C
SK-00903,S010>S004>S006,4,2.918482904678413,C
SK-00904,S010>S004>S007,4,2.918482904678413,C
SK-00905,S010>S004>S008,4,2.918482904678413,C
SK-00906,S010>S004>S009,4,1.33855101331298,C
SK-00907,S010>S004>S011,4,2.918482904678413,C
SK-00908,S010>S004>S013,4,2.918482904678413,C
SK-00909,S010>S004>S014,4,1.7176137743184654,C
SK-00910,S010>S005>S001,4,2.918482904678413,C
SK-00911,S010>S005>S004,4,2.918482904678413,C
SK-00912,S010>S005>S006,4,2.918482904678413,C
SK-00913,S010>S005>S007,4,2.918482904678413,C
SK-00914,S010>S005>S008,4,2.918482904678413,C
SK-00915,S010>S005>S009,4,1.33855101331298,C
SK-00916,S010>S005>S011,4,2.918482904678413,C
SK-00917,S010>S005>S013,4,2.918482904678413,C
SK-00918,S010>S005>S014,4,1.7176137743184654,C
SK-00919,S010>S005>S015,4,0.8907832725306122,C
SK-00920,S010>S006>S001,4,2.918482904678413,C
SK-00921,S010>S006>S004,4,2.918482904678413,C
SK-00922,S010>S006>S005,4,2.918482904678413,C
SK-00923,S010>S006>S007,4,2.918482904678413,C
SK-00924,S010>S006>S008,4,2.918482904678413,C
SK-00925,S010>S006>S009,4,1.33855101331298,C
SK-00926,S010>S006>S011,4,2.918482904678413,C
SK-00927,S010>S006>S013,4,2.918482904678413,C
SK-00928,S010>S006>S014,4,1.7176137743184654,C
SK-00929,S010>S006>S015,4,0.8907832725306122,C
SK-00930,S010>S007>S001,4,2.918482904678413,C
SK-00931,S010>S007>S004,4,2.918482904678413,C
SK-00932,S010>S007>S005,4,2.918482904678413,C
SK-00933,S010>S007>S006,4,2.918482904678413,C
SK-00934,S010>S007>S008,4,2.918482904678413,C
SK-00935,S010>S007>S009,4,1.33855101331298,C
SK-00936,S010>S007>S011,4,2.918482904678413,C
SK-00937,S010>S007>S013,4,2.918482904678413,C
SK-00938,S010>S007>S014,4,1.7176137743184654,C
SK-00939,S010>S007>S015,4,0.8907832725306122,C
SK-00940,S010>S008>S001,4,2.5907479698198443,C
SK-00941,S010>S008>S004,4,2.5907479698198443,C
SK-00942,S010>S008>S005,4,2.5907479698198443,C
SK-00943,S010>S008>S006,4,2.5907479698198443,C
SK-00944,S010>S008>S007,4,2.5907479698198443,C
SK-00945,S010>S008>S009,4,1.33855101331298,C
SK-00946,S010>S008>S011,4,2.5907479698198443,C
SK-00947,S010>S008>S013,4,2.5907479698198443,C
SK-00948,S010>S008>S014,4,1.1428479220222698,C
SK-00949,S010>S008>S015,4,0.8907832725306122,C
SK-00950,S010>S009>S001,4,1.33855101331298,C
SK-00951,S010>S009>S004,4,1.33855101331298,C
SK-00952,S010>S009>S005,4,1.33855101331298,C
SK-00953,S010>S009>S006,4,1.33855101331298,C
SK-00954,S010>S009>S007,4,1.33855101331298,C
SK-00955,S010>S009>S008,4,1.33855101331298,C
SK-00956,S010>S009>S011,4,1.33855101331298,C
SK-00957,S010>S009>S013,4,1.33855101331298,C
SK-00958,S010>S009>S014,4,1.33855101331298,C
SK-00959,S010>S009>S015,4,0.8907832725306122,C
SK-00960,S010>S011>S001,4,2.918482904678413,C
SK-00961,S010>S011>S004,4,2.918482904678413,C
SK-00962,S010>S011>S005,4,2.918482904678413,C
SK-00963,S010>S011>S006,4,2.918482904678413,C
SK-00964,S010>S011>S007,4,2.918482904678413,C
SK-00965,S010>S011>S008,4,2.918482904678413,C
SK-00966,S010>S011>S009,4,1.33855101331298,C
SK-00967,S010>S011>S013,4,2.918482904678413,C
SK-00968,S010>S011>S014,4,1.7176137743184654,C
SK-00969,S010>S011>S015,4,0.8907832725306122,C
SK-00970,S010>S013>S001,4,2.918482904678413,C
SK-00971,S010>S013>S004,4,2.918482904678413,C
SK-00972,S010>S013>S005,4,2.918482904678413,C
SK-00973,S010>S013>S006,4,2.918482904678413,C
SK-00974,S010>S013>S007,4,2.918482904678413,C
SK-00975,S010>S013>S008,4,2.918482904678413,C
SK-00976,S010>S013>S009,4,1.33855101331298,C
SK-00977,S010>S013>S011,4,2.918482904678413,C
SK-00978,S010>S013>S014,4,1.7176137743184654,C
SK-00979,S010>S013>S015,4,0.8907832725306122,C
SK-00980,S010>S014>S001,4,1.7176137743184654,C
SK-00981,S010>S014>S004,4,1.7176137743184654,C
SK-00982,S010>S014>S005,4,1.7176137743184654,C
SK-00983,S010>S014>S006,4,1.7176137743184654,C
SK-00984,S010>S014>S007,4,1.7176137743184654,C
SK-00985,S010>S014>S008,4,1.1428479220222698,C
SK-00986,S010>S014>S009,4,1.33855101331298,C
SK-00987,S010>S014>S011,4,1.7176137743184654,C
SK-00988,S010>S014>S013,4,1.7176137743184654,C
SK-00989,S010>S014>S015,4,0.8907832725306122,C
SK-00990,S010>S015>S001,4,0.8907832725306122,C
SK-00991,S010>S015>S005,4,0.8907832725306122,C
SK-00992,S010>S015>S006,4,0.8907832725306122,C
SK-00993,S010>S015>S007,4,0.8907832725306122,C
SK-00994,S010>S015>S008,4,0.8907832725306122,C
SK-00995,S010>S015>S009,4,0.8907832725306122,C
SK-00996,S010>S015>S011,4,0.8907832725306122,C
SK-00997,S010>S015>S013,4,0.8907832725306122,C
SK-00998,S010>S015>S014,4,0.8907832725306122,C
SK-00999,S011>S001>S004,4,4.185182638468788,C
SK-01000,S011>S001>S005,4,7.477418817803681,C
SK-01001,S011>S001>S006,4,inf,C
SK-01002,S011>S001>S007,4,7.678828284435028,C
SK-01003,S011>S001>S008,4,3.7863702057398423,C
SK-01004,S011>S001>S009,4,1.33855101331298,C
SK-01005,S011>S001>S010,4,2.918482904678413,C
SK-01006,S011>S001>S013,4,8.253309043575541,C
SK-01007,S011>S001>S014,4,1.7176137743184654,C
SK-01008,S011>S001>S015,4,0.8907832725306122,C
SK-01009,S011>S004>S001,4,7.280977071864612,C
SK-01010,S011>S004>S005,4,7.280977071864612,C
SK-01011,S011>S004>S006,4,3.144375740555972,C
SK-01012,S011>S004>S007,4,7.280977071864612,C
SK-01013,S011>S004>S008,4,3.7863702057398423,C
SK-01014,S011>S004>S009,4,1.33855101331298,C
SK-01015,S011>S004>S010,4,2.918482904678413,C
SK-01016,S011>S004>S013,4,5.297945737201175,C
SK-01017,S011>S004>S014,4,1.7176137743184654,C
SK-01018,S011>S005>S001,4,11.920214911402752,C
SK-01019,S011>S005>S004,4,4.185182638468788,C
SK-01020,S011>S005>S006,4,6.222112461609839,C
SK-01021,S011>S005>S007,4,8.53891922285095,C
SK-01022,S011>S005>S008,4,3.7863702057398423,C
SK-01023,S011>S005>S009,4,1.33855101331298,C
SK-01024,S011>S005>S010,4,2.918482904678413,C
SK-01025,S011>S005>S013,4,7.611303124262775,C
SK-01026,S011>S005>S014,4,1.7176137743184654,C
SK-01027,S011>S005>S015,4,0.8907832725306122,C
SK-01028,S011>S006>S001,4,inf,C
SK-01029,S011>S006>S004,4,3.144375740555972,C
SK-01030,S011>S006>S005,4,6.222112461609839,C
SK-01031,S011>S006>S007,4,8.836081683362565,C
SK-01032,S011>S006>S008,4,3.7863702057398423,C
SK-01033,S011>S006>S009,4,1.33855101331298,C
SK-01034,S011>S006>S010,4,2.918482904678413,C
SK-01035,S011>S006>S013,4,4.151652073208851,C
SK-01036,S011>S006>S014,4,1.7176137743184654,C
SK-01037,S011>S006>S015,4,0.8907832725306122,C
SK-01038,S011>S007>S001,4,7.678828284435028,C
SK-01039,S011>S007>S004,4,4.185182638468788,C
SK-01040,S011>S007>S005,4,7.477418817803681,C
SK-01041,S011>S007>S006,4,12.852479773346404,C
SK-01042,S011>S007>S008,4,3.7863702057398423,C
SK-01043,S011>S007>S009,4,1.33855101331298,C
SK-01044,S011>S007>S010,4,2.918482904678413,C
SK-01045,S011>S007>S013,4,3.857793506246296,C
SK-01046,S011>S007>S014,4,1.7176137743184654,C
SK-01047,S011>S007>S015,4,0.8907832725306122,C
SK-01048,S011>S008>S001,4,6.426894086681088,C
SK-01049,S011>S008>S004,4,4.185182638468788,C
SK-01050,S011>S008>S005,4,7.4019063390613695,C
SK-01051,S011>S008>S006,4,3.800800140876845,C
SK-01052,S011>S008>S007,4,7.4019063390613695,C
SK-01053,S011>S008>S009,4,1.33855101331298,C
SK-01054,S011>S008>S010,4,2.5907479698198443,C
SK-01055,S011>S008>S013,4,3.836036265443923,C
SK-01056,S011>S008>S014,4,1.1428479220222698,C
SK-01057,S011>S008>S015,4,0.8907832725306122,C
SK-01058,S011>S009>S001,4,1.33855101331298,C
SK-01059,S011>S009>S004,4,1.33855101331298,C
SK-01060,S011>S009>S005,4,1.33855101331298,C
SK-01061,S011>S009>S006,4,1.33855101331298,C
SK-01062,S011>S009>S007,4,1.33855101331298,C
SK-01063,S011>S009>S008,4,1.33855101331298,C
SK-01064,S011>S009>S010,4,1.33855101331298,C
SK-01065,S011>S009>S013,4,1.33855101331298,C
SK-01066,S011>S009>S014,4,1.33855101331298,C
SK-01067,S011>S009>S015,4,0.8907832725306122,C
SK-01068,S011>S010>S001,4,2.918482904678413,C
SK-01069,S011>S010>S004,4,2.918482904678413,C
SK-01070,S011>S010>S005,4,2.918482904678413,C
SK-01071,S011>S010>S006,4,2.918482904678413,C
SK-01072,S011>S010>S007,4,2.918482904678413,C
SK-01073,S011>S010>S008,4,2.5907479698198443,C
SK-01074,S011>S010>S009,4,1.33855101331298,C
SK-01075,S011>S010>S013,4,2.918482904678413,C
SK-01076,S011>S010>S014,4,1.7176137743184654,C
SK-01077,S011>S010>S015,4,0.8907832725306122,C
SK-01078,S011>S013>S001,4,7.603612052352474,C
SK-01079,S011>S013>S004,4,4.185182638468788,C
SK-01080,S011>S013>S005,4,7.477418817803681,C
SK-01081,S011>S013>S006,4,4.151652073208851,C
SK-01082,S011>S013>S007,4,3.857793506246296,C
SK-01083,S011>S013>S008,4,3.7863702057398423,C
SK-01084,S011>S013>S009,4,1.33855101331298,C
SK-01085,S011>S013>S010,4,2.918482904678413,C
SK-01086,S011>S013>S014,4,1.7176137743184654,C
SK-01087,S011>S013>S015,4,0.8907832725306122,C
SK-01088,S011>S014>S001,4,1.7176137743184654,C
SK-01089,S011>S014>S004,4,1.7176137743184654,C
SK-01090,S011>S014>S005,4,1.7176137743184654,C
SK-01091,S011>S014>S006,4,1.7176137743184654,C
SK-01092,S011>S014>S007,4,1.7176137743184654,C
SK-01093,S011>S014>S008,4,1.1428479220222698,C
SK-01094,S011>S014>S009,4,1.33855101331298,C
SK-01095,S011>S014>S010,4,1.7176137743184654,C
SK-01096,S011>S014>S013,4,1.7176137743184654,C
SK-01097,S011>S014>S015,4,0.8907832725306122,C
SK-01098,S011>S015>S001,4,0.8907832725306122,C
SK-01099,S011>S015>S005,4,0.8907832725306122,C
SK-01100,S011>S015>S006,4,0.8907832725306122,C
SK-01101,S011>S015>S007,4,0.8907832725306122,C
SK-01102,S011>S015>S008,4,0.8907832725306122,C
SK-01103,S011>S015>S009,4,0.8907832725306122,C
SK-01104,S011>S015>S010,4,0.8907832725306122,C
SK-01105,S011>S015>S013,4,0.8907832725306122,C
SK-01106,S011>S015>S014,4,0.8907832725306122,C
SK-01107,S013>S001>S004,4,4.185182638468788,C
SK-01108,S013>S001>S005,4,7.477418817803681,C
SK-01109,S013>S001>S006,4,8.253309043575541,C
SK-01110,S013>S001>S007,4,7.678828284435028,C
SK-01111,S013>S001>S008,4,3.7863702057398423,C
SK-01112,S013>S001>S009,4,1.33855101331298,C
SK-01113,S013>S001>S010,4,2.918482904678413,C
SK-01114,S013>S001>S011,4,8.253309043575541,C
SK-01115,S013>S001>S014,4,1.7176137743184654,C
SK-01116,S013>S001>S015,4,0.8907832725306122,C
SK-01117,S013>S004>S001,4,5.297945737201175,C
SK-01118,S013>S004>S005,4,5.297945737201175,C
SK-01119,S013>S004>S006,4,3.144375740555972,C
SK-01120,S013>S004>S007,4,5.297945737201175,C
SK-01121,S013>S004>S008,4,3.7863702057398423,C
SK-01122,S013>S004>S009,4,1.33855101331298,C
SK-01123,S013>S004>S010,4,2.918482904678413,C
SK-01124,S013>S004>S011,4,5.297945737201175,C
SK-01125,S013>S004>S014,4,1.7176137743184654,C
SK-01126,S013>S005>S001,4,7.611303124262775,C
SK-01127,S013>S005>S004,4,4.185182638468788,C
SK-01128,S013>S005>S006,4,6.222112461609839,C
SK-01129,S013>S005>S007,4,7.611303124262775,C
SK-01130,S013>S005>S008,4,3.7863702057398423,C
SK-01131,S013>S005>S009,4,1.33855101331298,C
SK-01132,S013>S005>S010,4,2.918482904678413,C
SK-01133,S013>S005>S011,4,7.611303124262775,C
SK-01134,S013>S005>S014,4,1.7176137743184654,C
SK-01135,S013>S005>S015,4,0.8907832725306122,C
SK-01136,S013>S006>S001,4,4.151652073208851,C
SK-01137,S013>S006>S004,4,3.144375740555972,C
SK-01138,S013>S006>S005,4,4.151652073208851,C
SK-01139,S013>S006>S007,4,4.151652073208851,C
SK-01140,S013>S006>S008,4,3.7863702057398423,C
SK-01141,S013>S006>S009,4,1.33855101331298,C
SK-01142,S013>S006>S010,4,2.918482904678413,C
SK-01143,S013>S006>S011,4,4.151652073208851,C
SK-01144,S013>S006>S014,4,1.7176137743184654,C
SK-01145,S013>S006>S015,4,0.8907832725306122,C
SK-01146,S013>S007>S001,4,3.857793506246296,C
SK-01147,S013>S007>S004,4,3.857793506246296,C
SK-01148,S013>S007>S005,4,3.857793506246296,C
SK-01149,S013>S007>S006,4,3.857793506246296,C
SK-01150,S013>S007>S008,4,3.7863702057398423,C
SK-01151,S013>S007>S009,4,1.33855101331298,C
SK-01152,S013>S007>S010,4,2.918482904678413,C
SK-01153,S013>S007>S011,4,3.857793506246296,C
SK-01154,S013>S007>S014,4,1.7176137743184654,C
SK-01155,S013>S007>S015,4,0.8907832725306122,C
SK-01156,S013>S008>S001,4,3.836036265443923,C
SK-01157,S013>S008>S004,4,3.836036265443923,C
SK-01158,S013>S008>S005,4,3.836036265443923,C
SK-01159,S013>S008>S006,4,3.800800140876845,C
SK-01160,S013>S008>S007,4,3.836036265443923,C
SK-01161,S013>S008>S009,4,1.33855101331298,C
SK-01162,S013>S008>S010,4,2.5907479698198443,C
SK-01163,S013>S008>S011,4,3.836036265443923,C
SK-01164,S013>S008>S014,4,1.1428479220222698,C
SK-01165,S013>S008>S015,4,0.8907832725306122,C
SK-01166,S013>S009>S001,4,1.33855101331298,C
SK-01167,S013>S009>S004,4,1.33855101331298,C
SK-01168,S013>S009>S005,4,1.33855101331298,C
SK-01169,S013>S009>S006,4,1.33855101331298,C
SK-01170,S013>S009>S007,4,1.33855101331298,C
SK-01171,S013>S009>S008,4,1.33855101331298,C
SK-01172,S013>S009>S010,4,1.33855101331298,C
SK-01173,S013>S009>S011,4,1.33855101331298,C
SK-01174,S013>S009>S014,4,1.33855101331298,C
SK-01175,S013>S009>S015,4,0.8907832725306122,C
SK-01176,S013>S010>S001,4,2.918482904678413,C
SK-01177,S013>S010>S004,4,2.918482904678413,C
SK-01178,S013>S010>S005,4,2.918482904678413,C
SK-01179,S013>S010>S006,4,2.918482904678413,C
SK-01180,S013>S010>S007,4,2.918482904678413,C
SK-01181,S013>S010>S008,4,2.5907479698198443,C
SK-01182,S013>S010>S009,4,1.33855101331298,C
SK-01183,S013>S010>S011,4,2.918482904678413,C
SK-01184,S013>S010>S014,4,1.7176137743184654,C
SK-01185,S013>S010>S015,4,0.8907832725306122,C
SK-01186,S013>S011>S001,4,7.603612052352474,C
SK-01187,S013>S011>S004,4,4.185182638468788,C
SK-01188,S013>S011>S005,4,7.477418817803681,C
SK-01189,S013>S011>S006,4,7.603612052352474,C
SK-01190,S013>S011>S007,4,7.603612052352474,C
SK-01191,S013>S011>S008,4,3.7863702057398423,C
SK-01192,S013>S011>S009,4,1.33855101331298,C
SK-01193,S013>S011>S010,4,2.918482904678413,C
SK-01194,S013>S011>S014,4,1.7176137743184654,C
SK-01195,S013>S011>S015,4,0.8907832725306122,C
SK-01196,S013>S014>S001,4,1.7176137743184654,C
SK-01197,S013>S014>S004,4,1.7176137743184654,C
SK-01198,S013>S014>S005,4,1.7176137743184654,C
SK-01199,S013>S014>S006,4,1.7176137743184654,C
SK-01200,S013>S014>S007,4,1.7176137743184654,C
SK-01201,S013>S014>S008,4,1.1428479220222698,C
SK-01202,S013>S014>S009,4,1.33855101331298,C
SK-01203,S013>S014>S010,4,1.7176137743184654,C
SK-01204,S013>S014>S011,4,1.7176137743184654,C
SK-01205,S013>S014>S015,4,0.8907832725306122,C
SK-01206,S013>S015>S001,4,0.8907832725306122,C
SK-01207,S013>S015>S005,4,0.8907832725306122,C
SK-01208,S013>S015>S006,4,0.8907832725306122,C
SK-01209,S013>S015>S007,4,0.8907832725306122,C
SK-01210,S013>S015>S008,4,0.8907832725306122,C
SK-01211,S013>S015>S009,4,0.8907832725306122,C
SK-01212,S013>S015>S010,4,0.8907832725306122,C
SK-01213,S013>S015>S011,4,0.8907832725306122,C
SK-01214,S013>S015>S014,4,0.8907832725306122,C
SK-01215,S014>S001>S004,4,1.7176137743184654,C
SK-01216,S014>S001>S005,4,1.7176137743184654,C
SK-01217,S014>S001>S006,4,1.7176137743184654,C
SK-01218,S014>S001>S007,4,1.7176137743184654,C
SK-01219,S014>S001>S008,4,1.7176137743184654,C
SK-01220,S014>S001>S009,4,1.33855101331298,C
SK-01221,S014>S001>S010,4,1.7176137743184654,C
SK-01222,S014>S001>S011,4,1.7176137743184654,C
SK-01223,S014>S001>S013,4,1.7176137743184654,C
SK-01224,S014>S001>S015,4,0.8907832725306122,C
SK-01225,S014>S004>S001,4,1.7176137743184654,C
SK-01226,S014>S004>S005,4,1.7176137743184654,C
SK-01227,S014>S004>S006,4,1.7176137743184654,C
SK-01228,S014>S004>S007,4,1.7176137743184654,C
SK-01229,S014>S004>S008,4,1.7176137743184654,C
SK-01230,S014>S004>S009,4,1.33855101331298,C
SK-01231,S014>S004>S010,4,1.7176137743184654,C
SK-01232,S014>S004>S011,4,1.7176137743184654,C
SK-01233,S014>S004>S013,4,1.7176137743184654,C
SK-01234,S014>S005>S001,4,1.7176137743184654,C
SK-01235,S014>S005>S004,4,1.7176137743184654,C
SK-01236,S014>S005>S006,4,1.7176137743184654,C
SK-01237,S014>S005>S007,4,1.7176137743184654,C
SK-01238,S014>S005>S008,4,1.7176137743184654,C
SK-01239,S014>S005>S009,4,1.33855101331298,C
SK-01240,S014>S005>S010,4,1.7176137743184654,C
SK-01241,S014>S005>S011,4,1.7176137743184654,C
SK-01242,S014>S005>S013,4,1.7176137743184654,C
SK-01243,S014>S005>S015,4,0.8907832725306122,C
SK-01244,S014>S006>S001,4,1.7176137743184654,C
SK-01245,S014>S006>S004,4,1.7176137743184654,C
SK-01246,S014>S006>S005,4,1.7176137743184654,C
SK-01247,S014>S006>S007,4,1.7176137743184654,C
SK-01248,S014>S006>S008,4,1.7176137743184654,C
SK-01249,S014>S006>S009,4,1.33855101331298,C
SK-01250,S014>S006>S010,4,1.7176137743184654,C
SK-01251,S014>S006>S011,4,1.7176137743184654,C
SK-01252,S014>S006>S013,4,1.7176137743184654,C
SK-01253,S014>S006>S015,4,0.8907832725306122,C
SK-01254,S014>S007>S001,4,1.7176137743184654,C
SK-01255,S014>S007>S004,4,1.7176137743184654,C
SK-01256,S014>S007>S005,4,1.7176137743184654,C
SK-01257,S014>S007>S006,4,1.7176137743184654,C
SK-01258,S014>S007>S008,4,1.7176137743184654,C
SK-01259,S014>S007>S009,4,1.33855101331298,C
SK-01260,S014>S007>S010,4,1.7176137743184654,C
SK-01261,S014>S007>S011,4,1.7176137743184654,C
SK-01262,S014>S007>S013,4,1.7176137743184654,C
SK-01263,S014>S007>S015,4,0.8907832725306122,C
SK-01264,S014>S008>S001,4,1.1428479220222698,C
SK-01265,S014>S008>S004,4,1.1428479220222698,C
SK-01266,S014>S008>S005,4,1.1428479220222698,C
SK-01267,S014>S008>S006,4,1.1428479220222698,C
SK-01268,S014>S008>S007,4,1.1428479220222698,C
SK-01269,S014>S008>S009,4,1.1428479220222698,C
SK-01270,S014>S008>S010,4,1.1428479220222698,C
SK-01271,S014>S008>S011,4,1.1428479220222698,C
SK-01272,S014>S008>S013,4,1.1428479220222698,C
SK-01273,S014>S008>S015,4,0.8907832725306122,C
SK-01274,S014>S009>S001,4,1.33855101331298,C
SK-01275,S014>S009>S004,4,1.33855101331298,C
SK-01276,S014>S009>S005,4,1.33855101331298,C
SK-01277,S014>S009>S006,4,1.33855101331298,C
SK-01278,S014>S009>S007,4,1.33855101331298,C
SK-01279,S014>S009>S008,4,1.33855101331298,C
SK-01280,S014>S009>S010,4,1.33855101331298,C
SK-01281,S014>S009>S011,4,1.33855101331298,C
SK-01282,S014>S009>S013,4,1.33855101331298,C
SK-01283,S014>S009>S015,4,0.8907832725306122,C
SK-01284,S014>S010>S001,4,1.7176137743184654,C
SK-01285,S014>S010>S004,4,1.7176137743184654,C
SK-01286,S014>S010>S005,4,1.7176137743184654,C
SK-01287,S014>S010>S006,4,1.7176137743184654,C
SK-01288,S014>S010>S007,4,1.7176137743184654,C
SK-01289,S014>S010>S008,4,1.7176137743184654,C
SK-01290,S014>S010>S009,4,1.33855101331298,C
SK-01291,S014>S010>S011,4,1.7176137743184654,C
SK-01292,S014>S010>S013,4,1.7176137743184654,C
SK-01293,S014>S010>S015,4,0.8907832725306122,C
SK-01294,S014>S011>S001,4,1.7176137743184654,C
SK-01295,S014>S011>S004,4,1.7176137743184654,C
SK-01296,S014>S011>S005,4,1.7176137743184654,C
SK-01297,S014>S011>S006,4,1.7176137743184654,C
SK-01298,S014>S011>S007,4,1.7176137743184654,C
SK-01299,S014>S011>S008,4,1.7176137743184654,C
SK-01300,S014>S011>S009,4,1.33855101331298,C
SK-01301,S014>S011>S010,4,1.7176137743184654,C
SK-01302,S014>S011>S013,4,1.7176137743184654,C
SK-01303,S014>S011>S015,4,0.8907832725306122,C
SK-01304,S014>S013>S001,4,1.7176137743184654,C
SK-01305,S014>S013>S004,4,1.7176137743184654,C
SK-01306,S014>S013>S005,4,1.7176137743184654,C
SK-01307,S014>S013>S006,4,1.7176137743184654,C
SK-01308,S014>S013>S007,4,1.7176137743184654,C
SK-01309,S014>S013>S008,4,1.7176137743184654,C
SK-01310,S014>S013>S009,4,1.33855101331298,C
SK-01311,S014>S013>S010,4,1.7176137743184654,C
SK-01312,S014>S013>S011,4,1.7176137743184654,C
SK-01313,S014>S013>S015,4,0.8907832725306122,C
SK-01314,S014>S015>S001,4,0.8907832725306122,C
SK-01315,S014>S015>S005,4,0.8907832725306122,C
SK-01316,S014>S015>S006,4,0.8907832725306122,C
SK-01317,S014>S015>S007,4,0.8907832725306122,C
SK-01318,S014>S015>S008,4,0.8907832725306122,C
SK-01319,S014>S015>S009,4,0.8907832725306122,C
SK-01320,S014>S015>S010,4,0.8907832725306122,C
SK-01321,S014>S015>S011,4,0.8907832725306122,C
SK-01322,S014>S015>S013,4,0.8907832725306122,C
SK-01323,S015>S001>S004,4,0.8907832725306122,C
SK-01324,S015>S001>S005,4,0.8907832725306122,C
SK-01325,S015>S001>S006,4,0.8907832725306122,C
SK-01326,S015>S001>S007,4,0.8907832725306122,C
SK-01327,S015>S001>S008,4,0.8907832725306122,C
SK-01328,S015>S001>S009,4,0.8907832725306122,C
SK-01329,S015>S001>S010,4,0.8907832725306122,C
SK-01330,S015>S001>S011,4,0.8907832725306122,C
SK-01331,S015>S001>S013,4,0.8907832725306122,C
SK-01332,S015>S001>S014,4,0.8907832725306122,C
SK-01333,S015>S005>S001,4,0.8907832725306122,C
SK-01334,S015>S005>S004,4,0.8907832725306122,C
SK-01335,S015>S005>S006,4,0.8907832725306122,C
SK-01336,S015>S005>S007,4,0.8907832725306122,C
SK-01337,S015>S005>S008,4,0.8907832725306122,C
SK-01338,S015>S005>S009,4,0.8907832725306122,C
SK-01339,S015>S005>S010,4,0.8907832725306122,C
SK-01340,S015>S005>S011,4,0.8907832725306122,C
SK-01341,S015>S005>S013,4,0.8907832725306122,C
SK-01342,S015>S005>S014,4,0.8907832725306122,C
SK-01343,S015>S006>S001,4,0.8907832725306122,C
SK-01344,S015>S006>S004,4,0.8907832725306122,C
SK-01345,S015>S006>S005,4,0.8907832725306122,C
SK-01346,S015>S006>S007,4,0.8907832725306122,C
SK-01347,S015>S006>S008,4,0.8907832725306122,C
SK-01348,S015>S006>S009,4,0.8907832725306122,C
SK-01349,S015>S006>S010,4,0.8907832725306122,C
SK-01350,S015>S006>S011,4,0.8907832725306122,C
SK-01351,S015>S006>S013,4,0.8907832725306122,C
SK-01352,S015>S006>S014,4,0.8907832725306122,C
SK-01353,S015>S007>S001,4,0.8907832725306122,C
SK-01354,S015>S007>S004,4,0.8907832725306122,C
SK-01355,S015>S007>S005,4,0.8907832725306122,C
SK-01356,S015>S007>S006,4,0.8907832725306122,C
SK-01357,S015>S007>S008,4,0.8907832725306122,C
SK-01358,S015>S007>S009,4,0.8907832725306122,C
SK-01359,S015>S007>S010,4,0.8907832725306122,C
SK-01360,S015>S007>S011,4,0.8907832725306122,C
SK-01361,S015>S007>S013,4,0.8907832725306122,C
SK-01362,S015>S007>S014,4,0.8907832725306122,C
SK-01363,S015>S008>S001,4,0.8907832725306122,C
SK-01364,S015>S008>S004,4,0.8907832725306122,C
SK-01365,S015>S008>S005,4,0.8907832725306122,C
SK-01366,S015>S008>S006,4,0.8907832725306122,C
SK-01367,S015>S008>S007,4,0.8907832725306122,C
SK-01368,S015>S008>S009,4,0.8907832725306122,C
SK-01369,S015>S008>S010,4,0.8907832725306122,C
SK-01370,S015>S008>S011,4,0.8907832725306122,C
SK-01371,S015>S008>S013,4,0.8907832725306122,C
SK-01372,S015>S008>S014,4,0.8907832725306122,C
SK-01373,S015>S009>S001,4,0.8907832725306122,C
SK-01374,S015>S009>S004,4,0.8907832725306122,C
SK-01375,S015>S009>S005,4,0.8907832725306122,C
SK-01376,S015>S009>S006,4,0.8907832725306122,C
SK-01377,S015>S009>S007,4,0.8907832725306122,C
SK-01378,S015>S009>S008,4,0.8907832725306122,C
SK-01379,S015>S009>S010,4,0.8907832725306122,C
SK-01380,S015>S009>S011,4,0.8907832725306122,C
SK-01381,S015>S009>S013,4,0.8907832725306122,C
SK-01382,S015>S009>S014,4,0.8907832725306122,C
SK-01383,S015>S010>S001,4,0.8907832725306122,C
SK-01384,S015>S010>S004,4,0.8907832725306122,C
SK-01385,S015>S010>S005,4,0.8907832725306122,C
SK-01386,S015>S010>S006,4,0.8907832725306122,C
SK-01387,S015>S010>S007,4,0.8907832725306122,C
SK-01388,S015>S010>S008,4,0.8907832725306122,C
SK-01389,S015>S010>S009,4,0.8907832725306122,C
SK-01390,S015>S010>S011,4,0.8907832725306122,C
SK-01391,S015>S010>S013,4,0.8907832725306122,C
SK-01392,S015>S010>S014,4,0.8907832725306122,C
SK-01393,S015>S011>S001,4,0.8907832725306122,C
SK-01394,S015>S011>S004,4,0.8907832725306122,C
SK-01395,S015>S011>S005,4,0.8907832725306122,C
SK-01396,S015>S011>S006,4,0.8907832725306122,C
SK-01397,S015>S011>S007,4,0.8907832725306122,C
SK-01398,S015>S011>S008,4,0.8907832725306122,C
SK-01399,S015>S011>S009,4,0.8907832725306122,C
SK-01400,S015>S011>S010,4,0.8907832725306122,C
SK-01401,S015>S011>S013,4,0.8907832725306122,C
SK-01402,S015>S011>S014,4,0.8907832725306122,C
SK-01403,S015>S013>S001,4,0.8907832725306122,C
SK-01404,S015>S013>S004,4,0.8907832725306122,C
SK-01405,S015>S013>S005,4,0.8907832725306122,C
SK-01406,S015>S013>S006,4,0.8907832725306122,C
SK-01407,S015>S013>S007,4,0.8907832725306122,C
SK-01408,S015>S013>S008,4,0.8907832725306122,C
SK-01409,S015>S013>S009,4,0.8907832725306122,C
SK-01410,S015>S013>S010,4,0.8907832725306122,C
SK-01411,S015>S013>S011,4,0.8907832725306122,C
SK-01412,S015>S013>S014,4,0.8907832725306122,C
SK-01413,S015>S014>S001,4,0.8907832725306122,C
SK-01414,S015>S014>S004,4,0.8907832725306122,C
SK-01415,S015>S014>S005,4,0.8907832725306122,C
SK-01416,S015>S014>S006,4,0.8907832725306122,C
SK-01417,S015>S014>S007,4,0.8907832725306122,C
SK-01418,S015>S014>S008,4,0.8907832725306122,C
SK-01419,S015>S014>S009,4,0.8907832725306122,C
SK-01420,S015>S014>S010,4,0.8907832725306122,C
SK-01421,S015>S014>S011,4,0.8907832725306122,C
SK-01422,S015>S014>S013,4,0.8907832725306122,C
